ID,Unit,Altname,Texts (lookup),Persons (lookup),Places (lookup)
ETH1001Aabbo,Aabbo,,,,
ETH1002Aadaa,Aadaa,,,,
ETH1003Aari,Aari,,,,
ETH1004Ababda,Abâbda,,,,
ETH1005Abado,Abado,,,,
ETH1006Abadra,Abädray,,,,
ETH1007Abake,Abäke,,,,
ETH1008Abati,Abati,,,,
ETH1009AbbaGo,Abba Gošanaʾa,,,,
ETH1010hamta,Ḫamtaŋa,,,,
ETH1011Abdall,ʿAbdallāb,,,,
ETH1012Abbicu,Abbičuu,"Abbiichuu, Abǝčču",,,
ETH1013Abdarr,ʿAbdarrasūl,,,,
ETH1014Abgaal,Abgaal,,,,
ETH1015Able,ʿAblé,,,,
ETH1016Aboote,Abootee,,,,
ETH1017Aborat,Aborat,,,,
ETH1018Abosar,Abosare,,,,
ETH1019Abusam,Abūsá-mára,,,,
ETH1020AdAmma,ʿAd Ammar,,,,
ETH1021AdAske,ʿAd ʿAsker,Askär,,,
ETH1022AdAyla,ʿAd Aylay,,,,
ETH1023AdAzza,ʿAd Azzaž,,,,
ETH1024AdBaad,ʿAd Baʿadinge,,,,
ETH1025AdBula,ʿAd Bula,,,,
ETH1026AdBusn,ʿAd Bušnaq,,,,
ETH1027AdCafa,ʿAd Ḉafa,,,,
ETH1028AdDarq,ʿAd Därqi,Dǝrqi,,,
ETH1029AdDagg,ʿAd Däggiyat,Däggiyazmati,,,
ETH1030AdDoba,ʿAd Dobaʿat,,,,
ETH1031AdDobl,ʿAd Dobloy,,,,
ETH1032AdElos,ʿAd Elos,,,,
ETH1033AdFaza,ʿAd Fäza,,,,
ETH1034AdGabr,ʿAd Gabres,,,,
ETH1035AdGabs,ʿAd Gabša,,,,
ETH1036Adha,ʿAd Ḥā,,,,
ETH1037AdHaba,ʿAd Habay,,,,
ETH1038AdHafa,ʿAd Hafärom,,,,
ETH1039Adhama,ʿAd Ḥamad Baḥīt,Baḵīt,,,
ETH1040Adhasa,ʿAd Ḥasano,,,,
ETH1041Adhas,ʿAd Ḥas,,,,
ETH1042Adhebt,ʿAd Ḥǝbtes,,,,
ETH1043AdHisa,ʿAd Hišal,,,,
ETH1044AdKant,ʿAd Ḵäntiba Sǝḥay,,,,
ETH1045AdKant,ʿAd Ḵäntiba Zärʾay,,,,
ETH1046AdKedr,ʿAd Kedraš,,,,
ETH1047AdKefl,ʿAd Kǝflom,,,,
ETH1048AdLawa,ʿAd Lawaǧ,,,,
ETH1049AdMaal,ʿAd Mäʿallǝm,ʿAd Muʿallim,,,
ETH1050AdMaha,ʿAd Mähari,,,,
ETH1051AdMeqo,ʿAd Mǝqom,,,,
ETH1052AdMual,ʿAd Muʿallim s. ʿAd Mäʿallǝm,,,,
ETH1053AdNaib,ʿAd Nāʾib,,,,
ETH1054AdSama,ʿAd Samara Ḉon,,,,
ETH1055Adsawa,ʿAd Ṣäway,,,,
ETH1056AdSawr,ʿAd Sawra,Tawra,,,
ETH1057Adsek,ʿAd Šek,ʿAd Šayḫ Ad Shaykh,,,
ETH1058Adsuma,ʿAd Šuma,,,,
ETH1059AdTakl,ʿAd Täkles,ʿAd Täkle,,,
ETH1060AdTema,ʿAd Tǝmaryam,,,,
ETH1061AdaBar,Adʾa Barga,,,,
ETH1062Adaa,Adaʾa,,,,
ETH1063Adaila,Aḏaʿila,,,,
ETH1064Adal,Adal,,,,
ETH1065Adali,Adʿáli,ʿAd ʿAlī Adali,,,
ETH1066Adare,Adäre,East Gurage,,,
ETH1067Addaye,Addaye,,,,
ETH1068Addee,Addee,,,,
ETH1069Adeya,Adeya,,,,
ETH1070Adkama,Adkämä Mǝlgaʾ,Mälgaʾ,,,
ETH1071Adohya,ʿAdohyammára,,,,
ETH1072Adola,ʿAdola,,,,
ETH1073Afifi,ʿAfīfī,,,,
ETH1074Afan,Afan,,,,
ETH1075Afar,ʿAfar,,,,
ETH1076Afara,Afʿará,,,,
ETH1077Aflend,Aflenda,Aflända,,,
ETH1078Afraha,Afrahat ʿAre,,,,
ETH1079AfranQ,Afran Qalluu,"Afran Qalloo, Afran Qallu, Qottuu",,,
ETH1080Aga,Aga,,,,
ETH1081Agaamo,Aǧaamo,,,,
ETH1082Agatho,Agathous,,,,
ETH1083Agaw,Agäw,,,,
ETH1084Agazi,Agʿazi,,,,
ETH1085Aggabe,Aggabe,,,,
ETH1086Agginn,ʿAggínni,,,,
ETH1087Agoora,Agoora,,,,
ETH1088Aguraa,Aǧuraan,Aǧūrān,,,
ETH1089Agweza,ʾAgwēzāt,,,,
ETH1090Ahabis,Aḥābīš,,,,
ETH1091Ahbusa,Aḥbūšan,,,,
ETH1092Allaab,Allaaba,"Alaaba, Halaba",,,
ETH1093Akisso,Akiššo,,,,
ETH1094Akk,ʿAkk,,,,
ETH1095Akkacu,Akkačuu,,,,
ETH1096Akkadi,Akkadian,,,,
ETH1097Akkicc,Akkičču,,,,
ETH1098Aklil,Aklil,,,,
ETH1099Alaa,Alaa,Ala,,,
ETH1100Alabdu,Alabdu,,,,
ETH1101Alades,Alades ʿAre,,,,
ETH1102Alango,Alango,,,,
ETH1103Alatta,Alatta,,,,
ETH1104AletAr,Alet ʿAre,,,,
ETH1105Aletaa,Aletaa,,,,
ETH1106Alga,Alga,,,,
ETH1107Algaan,Algaana,,,,
ETH1108Algade,Algäden,,,,
ETH1109AliGer,"ʿAli Geri, Som. lineage",,,,
ETH1110AliGad,"ʿAlī Gaduun, Som. lineage",,,,
ETH1111AliGoh,ʿAli Góhli,,,,
ETH1112Aliidi,Aliidi Garbiččo,,,,
ETH1113Ammayy,Ammayyaa,,,,
ETH1114Anwaa,Añwaa,"Anywa, Anuak, Yambo",,,
ETH1115Alle,Alle,,,,
ETH1116Almada,Almäda,,,,
ETH1117Alo,Alo,,,,
ETH1118Alqa,Alqā,,,,
ETH1119Amado,Amado,,,,
ETH1120Amaaro,"Amaaro, descent groups",,,,
ETH1121AmaraG,"Amara, Gamo clan",,,,
ETH1122Amarar,Amarʾar,,,,
ETH1123Amaroc,Amaroḉi,,,,
ETH1124Amawut,Amawute,,,,
ETH1125Amaya,Amaya,,,,
ETH1126Amhara,Amhara,,,,
ETH1127ana,Ánʿa,,,,
ETH1128Anduro,Anduro,,,,
ETH1129Anfill,Anfillo,"Amfīlō, Emfīlō, Afillo",,,
ETH1130Ankala,Ankālá,Ankáli,,,
ETH1131Ankasa,Ankäša,Hankäša,,,
ETH1132Anniyy,Anniyya,"Annia, Annya",,,
ETH1133Aqabi,ʿAqabī,,,,
ETH1134Arab,Arab,,,,
ETH1135Arabta,ʿArábta,,,,
ETH1136Arabit,Arabita,,,,
ETH1137Aran,Aräñ,,,,
ETH1138Arap,Arap,,,,
ETH1139Aratig,Aratige,,,,
ETH1140Arato,Arato,,,,
ETH1141ArbaGu,Arba Gugu,Arba Gudu,,,
ETH1142Arbaat,Arbaʿatä Zufan,,,,
ETH1143Arbahi,Arbāhintó,,,,
ETH1144Arbore,Arbore,"Hor, Hoor, Marle",,,
ETH1145Area,Area,,,,
ETH1146ArfanN,Arfan Nagadota,,,,
ETH1147ArfanO,Arfan Oromota,,,,
ETH1148Argann,Argänne,,,,
ETH1149Argobb,Argobba,Argwabba,,,
ETH1150Askakm,Askakmáli-k Mōdaytó,,,,
ETH1151Arguma,Arguman,,,,
ETH1152Arloc,Arloč,,,,
ETH1153Arrelo,Arreločč,,,,
ETH1154Arsi,Arsi,"Arssi, Arussi, Waraneš, Warantiḉa, Wäräntiša",,,
ETH1155Asaara,Asaarado,,,,
ETH1156Asahya,ʿAsahyammára,,,,
ETH1157Asfada,Asfäda,,,,
ETH1158Asgady,Ašgadye,,,,
ETH1159Asman,Ašmän,,,,
ETH1160Asraho,Asrahoyt Wäläne,,,,
ETH1161Assali,Assalisan,,,,
ETH1162Assaka,Assakare,,,,
ETH1163Atalmo,Atalmo,,,,
ETH1164Atman,Atmān,,,,
ETH1165Atuot,Atuot,,,,
ETH1166Aua,Aua,,,,
ETH1167Awazim,ʿAwāzim,,,,
ETH1168Awdal,Awdal,,,,
ETH1169Awi,Awi,"Awiya, Awŋi",,,
ETH1170AwliGú,Awli-Gúra,,,,
ETH1171awsa,Áwsa,,,,
ETH1172Aygado,Aygado,,,,
ETH1173Ayhudr,"Ayhud, rel.",,,,
ETH1174Aymala,Aymalalla,,,,
ETH1175Ayr,ʿAyr,,,,
ETH1176Ayrola,Ayrolassó,,,,
ETH1177Aysti,Aysti,,,,
ETH1178Azar,Azär,,,,
ETH1179Azd,Azd,,,,
ETH1180Baadoo,Baadoogo,,,,
ETH1181Baadu,Baʿádu,,,,
ETH1182Baale,Baale,Balethi Kačipo Suri Zilmamo,,,
ETH1183Baamba,Baambala,,,,
ETH1184Bambi,Bambi,,,,
ETH1185Baaren,Baarentuu,"Baraytuma, Bareituma, Barento, Barentu, Barentuma, Bareytuma",,,
ETH1186Bargad,Bargädda,,,,
ETH1187Bacoo,Bačoo,"Bačo, Bača",,,
ETH1188Balta,Balta,,,,
ETH1189Balti,Balti,,,,
ETH1190Badoyt,Badoytá-m mêlá,Badoytammēla,,,
ETH1191Bajuni,Bajuni,,,,
ETH1192Bakarr,Bakarro,,,,
ETH1193Balaet,"Bala, ethn",,,,
ETH1194Balaw,Balaw,Bäläw,,,
ETH1195Balliy,Balliyūn,,,,
ETH1196Band,Band,Mǝnǧa,,,
ETH1197BanilH,Banī l-Hamwīya,Banū l-Ham[u]wīya,,,
ETH1198BaniRa,Banī Rašīd,,,,
ETH1199Banna,Banna,,,,
ETH1200Banqaa,Banqaano,,,,
ETH1201Bantu,Bantu,,,,
ETH1202BanuAb,"Banū ʿAbbās, desc. group",,,,
ETH1203BanuAf,Banū ʿAffān,,,,
ETH1204BanuFa,"Banū Faḍlallāh, desc. group",,,,
ETH1205Banuha,"Banū Ḫaldūn, desc. group",,,,
ETH1206Banuha,Banū Ḥāriṯ,,,,
ETH1207BanuHa,Banū Hāšim,,,,
ETH1208BanulA,Banū l-Arfida,,,,
ETH1209BanulY,Banū l-Yahūdiya,,,,
ETH1210BanuMa,"Banū Maḫzūm, desc. group",,,,
ETH1211BanuNa,Banū Naǧāḥ,,,,
ETH1212BanuNu,Banū Nuwāsim s. Ḏū-Nuʾāsim,,,,
ETH1213BanuSa,"Banū Sadād, desc. group",,,,
ETH1214BanuUm,Banū ʿUmayya,Banī ʿUmayya Banū l-Ḥumāya Banū ʿUmayya b. ʿAbdaššams,,,
ETH1215Banyan,"Banyan, desc. group",,,,
ETH1216Baqwel,Bäqwǝl Zär,,,,
ETH1217Barado,Baradotta,Baraddota,,,
ETH1218Bartum,Bartumaa,Bartuuma,,,
ETH1219baryas,"barya, soc. group",,,,
ETH1220Barzar,Barzara,,,,
ETH1221Basada,Bäšada,,,,
ETH1222Basoma,Basōmá,,,,
ETH1223Basket,Basketo,"Baskatto, Basketa, Basketto",,,
ETH1224Bayso,Bayso,,,,
ETH1225Bayɖio,Bayɖīʿó,,,,
ETH1226Bayy,Bayy,,,,
ETH1227Bega,Beǧa,Beɖauye,,,
ETH1228Begga,Begga,,,,
ETH1229Bellas,Bellasowa,Bellesowa,,,
ETH1230Bellil,"Bellila, dial. Twampa",,,,
ETH1231Benc,Benḉ,"Bencho, Gimira",,,
ETH1232BeniAm,"Beni ʿAmǝr, dial. Beǧa",,,,
ETH1233Beraba,Beräbabo,,,,
ETH1234BerbBu,Berb-Burun,,,,
ETH1235Berber,Berber,,,,
ETH1236Berber,"Berbera, dial. Somali",,,,
ETH1237Bersub,Bersub,,,,
ETH1238Berta,Berta,"Bärta, Bertha, Beni Šangul, Bela Šangul",,,
ETH1239Berter,Berteri,Bertiri,,,
ETH1240Besatm,"Bešaṭmir, tribe",,,,
ETH1241BetAbr,Bet Abrǝhe,,,,
ETH1242BetAlu,Bet Alula,,,,
ETH1243BetAnk,Bet Ankala,,,,
ETH1244BetAqa,Bet Aayl,Bet Uayl,,,
ETH1245BetAsg,Bet Asgäde,,,,
ETH1246BetAsk,Bet Askär,,,,
ETH1247BetDan,Bet Danyā,,,,
ETH1248BetDim,Bet Dimbago,,,,
ETH1249Betesh,Bet Ǝšḥaqan,Bet Išḥaan Bet Šäḥaqan,,,
ETH1250BetGar,Bet Gärgǝš,"Bet Giyorgis, waʿǝla",,,
ETH1251Betguk,Bet Ǧuk,"Bet Ǧok, Bet Ǧoq",,,
ETH1252Bethal,Bet Ḫalīfa,Beyt Ḫalifa Bet Kalīfa,,,
ETH1253Bethas,Bet Ḥasan,Bayt Ḥasan,,,
ETH1254BetKah,Bet Kaḥya,,,,
ETH1255BetMaa,Bet Mäʿala,"Bayt Maʿla, Bet Mala, Beyt Maʿāla",,,
ETH1256BetMus,Bet Muše,Bet Mosa Musa ʿAre,,,
ETH1257BetQad,Bet Qadi,,,,
ETH1258BetRaq,Bet Raqi,,,,
ETH1259BetSar,Bet Saraḥ,Sara ʿAre,,,
ETH1260BetSar,Bet Sardal,,,,
ETH1261Betsaw,Bet Šawiš,,,,
ETH1262BetSay,Bet Sayyid Ḥamedu,,,,
ETH1263Betsek,Bet Šek Maḥmūd,,,,
ETH1264BetSul,Bet Sulēman,,,,
ETH1265BetTaa,Bēt Taʿarrus Abādir,,,,
ETH1266Bettaq,Bet Ṭaqwe,Bet Ṭawqe,,,
ETH1267BetTar,Bet Tärqe,Bet Gäbrä Tärqe,,,
ETH1268BetTaw,Bet Tawkal,,,,
ETH1269BetUma,Bet ʿUmar ʿAlī,,,,
ETH1270BetUtm,Bet ʿUṯmān,Bayt ʿUṯmān Bet Osman,,,
ETH1271BetYah,Bet Yaḥyā,,,,
ETH1272BetaAb,Betä Abrǝham,"balä ǝǧǧ,moräte/soc",,,
ETH1273Begi,Begi,,,,
ETH1274Betaes,Betä Ǝsraʾel,Fälaša,,,
ETH1275Bidiru,Bidiruu,,,,
ETH1276Bilin,Bilin,"Bilén, Bilina, Blin, Bogos",,,
ETH1277Billi,Billī,,,,
ETH1278Binna,Binna,Binnas,,,
ETH1279Birmag,Birmaǧi luuba,,,,
ETH1280Bisari,Bišārīn,Bisharyyin Šantirāb,,,
ETH1281BisiAn,Bisi Anaaph,,,,
ETH1282BisiAn,Bisi Aniōskal,,,,
ETH1283BisiDi,Bisi Dimele,,,,
ETH1284Bitaam,Bitaama,,,,
ETH1285Bitayt,Bitʿáytu,,,,
ETH1286Bitolo,Bitolo,,,,
ETH1287Biyama,Biyamaal,,,,
ETH1288BiyoAa,"Biyo, Aari dial.",,,,
ETH1289Blemmy,"Blemmyes, ethn",,,,
ETH1290Bodidi,"Bodi, dial.",,,,
ETH1291Bogudo,Bogudo,,,,
ETH1292Bohair,"Bohairic, dial. Coptic",,,,
ETH1293BolliB,Bollí Buɖáa,,,,
ETH1294BomaMu,Boma-Murle,,,,
ETH1295Bonaca,"Bōna, caste",,,,
ETH1296Boni,Boni,Aweera,,,
ETH1297Boni,Boni,,,,
ETH1298Bonke,Bonke,,,,
ETH1299Booran,Boorana,,,,
ETH1300BôrkeW,Bôr kē Wandābá,,,,
ETH1301Bor,Bor,,,,
ETH1302Borali,Borali,,,,
ETH1303Boro,Boro,,,,
ETH1304Borodd,Borodda,,,,
ETH1305Bosaki,"Boša, kingdom",,,,
ETH1306Botor,Botor,,,,
ETH1307Bougai,Bougaites,,,,
ETH1308Boz,Boz,,,,
ETH1309Brahma,"Brahmans, caste",,,,
ETH1310Buda,Buda,,,,
ETH1311Buknay,Buknáyte ʿÁre,"Buknayto, Buḵnäyto, Buknayto Ari, Bakunayti",,,
ETH1312BurEal,Bur Eali,,,,
ETH1313Burgi,Burǧi,,,,
ETH1314Burray,Burrayyuu,,,,
ETH1315Bursúg,Bursúg,,,,
ETH1316Burun,Burun,,,,
ETH1317Busa,Busa,,,,
ETH1318Busaso,Bušašo,"Busase, Busasi, soc. group",,,
ETH1319Busse,Bušše,Buše,,,
ETH1320Buunno,Buunnoo,,,,
ETH1321Caboo,Ḉaboo,Caboo Ḉäbo,,,
ETH1322caha,Čaha,Čäha,,,
ETH1323cai,Čai,,,,
ETH1324calba,Čalba,,,,
ETH1325cano,Čano,,,,
ETH1326Caqata,Ḉaqäta,,,,
ETH1327Cara,Ḉara,"Ḉaraṣa, Tsara",,,
ETH1328Care,Ḉare,,,,
ETH1329Cella,Ḉella,Challaa,,,
ETH1330Cento,Ḉento,,,,
ETH1331Cillas,Ḉillaše,,,,
ETH1332Cinasa,Ḉinaśa,Ḉinaśaša,,,
ETH1333Circas,Circassians,,,,
ETH1334cirim,Čirim,,,,
ETH1335cirra,Čirra,,,,
ETH1336Coptic,Coptic,,,,
ETH1337Cora,Ḉora,,,,
ETH1338Daacci,Daaččii,,,,
ETH1339Daarim,Daarimuu,,,,
ETH1340Daaroo,Daarood,,,,
ETH1341Daasan,Ðáasanač,Ðáasänäč Däsänäč Gäläb Reshiat Šangílla,,,
ETH1342Dabarr,Dabarre,,,,
ETH1343Dace,Daḉe,"Dac’e, Dache, Dace, Daḉeʦo, Gerese, Zegeʦo",,,
ETH1344Daci,Daḉi,,,,
ETH1345dhadha,Ḍaḍalle,,,,
ETH1346Dafa,Dafa,,,,
ETH1347Dafina,Dafina,,,,
ETH1348Daga,Daga,,,,
ETH1349Dagga,Dagga,,,,
ETH1350Dahalo,Dahalo,,,,
ETH1351Dahimm,Dâhí-m mêlá,Dāhímmēlá,,,
ETH1352Dahrum,Daḥrumá,,,,
ETH1353Dalata,Dalata,,,,
ETH1354Dalo,Dalo,,,,
ETH1355Dalool,Dalool,,,,
ETH1356Damann,"Damanna, soc.gr.",,,,
ETH1357Dagood,Dagoodiyo,"Digodia, Digoodiya",,,
ETH1358Dambo,Dambo,,,,
ETH1359Damu,Damu,,,,
ETH1360Dangar,Dangar,,,,
ETH1361Dankal,Dankáli,,,,
ETH1362Daqdaq,Daqdaqi,,,,
ETH1363DaqqiA,Däqqi ʿAd Mǝqom,,,,
ETH1364DaqqiA,Däqqi ʿAmdu,,,,
ETH1365DaqqiG,Däqqi Gäbre,,,,
ETH1366DaqqiG,Däqqi Guzay,,,,
ETH1367DaqqiM,Däqqi Minab,,,,
ETH1368Daqqis,DäqqiŠahay,Däqqi Ḍäḥay,,,
ETH1369DaqqiT,"Däqqi Täsfa, reg.",,,,
ETH1370DaqqiT,Däqqi Täššǝm,"Täššim, reg.",,,
ETH1371Dariit,Dariita,,,,
ETH1372Darabe,Däräbe,,,,
ETH1373Darand,Darandolla,,,,
ETH1374Darass,Darašša,Därašā,,,
ETH1375Dardor,Dardōrá,,,,
ETH1376Darsan,Darsänäy,,,,
ETH1377Dasamo,Ðasamó,,,,
ETH1378Datahi,Datá Ḥíggi,,,,
ETH1379DataUd,Datá ʿUdúm,,,,
ETH1380Datoog,Datooga,,,,
ETH1381Dawe,Däwe,Dawe,,,
ETH1382Dawro,Dawro,"Kullo, Wogagoda",,,
ETH1383Dawudd,Dawuddó,,,,
ETH1384Dawuts,Dawut Šuma,,,,
ETH1385Debina,Debina,,,,
ETH1386Debne,Debné,,,,
ETH1387DebneA,Debné Abrāhintó,,,,
ETH1388DebneL,Debné Loʿoytātí,,,,
ETH1389Debneh,Debné Ḥarká-m mēlá,,,,
ETH1390Debnek,Debnek Wēʿima,,,,
ETH1391Debose,Debose-Gawwada,,,,
ETH1392Demoti,Demotic,,,,
ETH1393Den,Dǝn,,,,
ETH1394Denecc,Dǝnǝččo,,,,
ETH1395Derder,Dǝrdǝra,,,,
ETH1396Derrep,"Dǝrre, pl.n.",,,,
ETH1397Diding,Didinga,,,,
ETH1398Digalu,Digaluu,Digalo,,,
ETH1399Diggo,Diggo,,,,
ETH1400Digil,Digil,,,,
ETH1401Dihina,Dihina,"Tihina, Digǝnti",,,
ETH1402Dime,Dime,,,,
ETH1403Dimele,Dimele,,,,
ETH1404Dingol,Dingolo,,,,
ETH1405Dinihu,Dīni-Ḥummaddo,,,,
ETH1406Dinik,Dinik,,,,
ETH1407Dînitt,Dînitté,,,,
ETH1408Dinka,Dinka,,,,
ETH1409Dir,Dir,,,,
ETH1410Diraas,Diraašša,"Ðiraašša, Gardul[l]a, Gidole",,,
ETH1411Dirama,Dirama,,,,
ETH1412Dirtta,Dirtta,,,,
ETH1413Dita,Dita,,,,
ETH1414Dizi,Dizi,,,,
ETH1415Dobase,Dobase,"Ðoopase, Gowäze",,,
ETH1416Dobat,Do򰄁bʿāt,,,,
ETH1417Dobbi,Dobbi,"Dobi, Gogot",,,
ETH1418Doda,Dōdá,,,,
ETH1419Dodoth,Dodoth,,,,
ETH1420Dogon,Dogon,,,,
ETH1421Dollo,Dollo,,,,
ETH1422Doma,Doma,,,,
ETH1423Done,Done,,,,
ETH1424Donga,Donga,,,,
ETH1425Dorga,Dorga,,,,
ETH1426Dorote,Ðorote,,,,
ETH1427Dorze,Dorze,Abati,,,
ETH1428dugaym,Ḏū Ġaymān,,,,
ETH1429duNuas,Ḏū Nuʾāsim,,,,
ETH1430Dubamo,Dubamo,Danta,,,
ETH1431Dugo,Dugo,,,,
ETH1432Dugugg,Dugugguru,,,,
ETH1433Dula,Dula,,,,
ETH1434dhulba,Ḍulbahante,Dhulbahante,,,
ETH1435Dulla,Dulla,,,,
ETH1436Dullay,Dullay,,,,
ETH1437Durba,Durbá,,,,
ETH1438Duula,Duula,,,,
ETH1439Đwòk,Đwòk,,,,
ETH1440eddaDe,Ǝdda Degänä,,,,
ETH1441eggala,Ǝggäla,,,,
ETH1442eggala,Ǝggäla Ḥaṣǝn,,,,
ETH1443Elaay,Elaay,,,,
ETH1444Eleze,Eleze,,,,
ETH1445Eli,ʿEli,,,,
ETH1446Elle,Elle,,,,
ETH1447Elmana,Elmana Densa,,,,
ETH1448Emma,Emma,,,,
ETH1449enagad,Ǝnagadir Zugan,,,,
ETH1450enakwa,Ǝnäkwamt,,,,
ETH1451enar,Ǝnär,,,,
ETH1452endabu,Ǝndabuy,ya,,,
ETH1453endaga,Ǝndägañ,Šadgär,,,
ETH1454ennama,Ǝnnämakki,,,,
ETH1455ennamo,Ǝnnämor,"Ǝnor, Inōr",,,
ETH1456ennaqo,Ǝnnäqor,,,,
ETH1457ennatM,Ǝnnat Mäsqan,,,,
ETH1458entaza,Ǝntäzära,,,,
ETH1459Eseppa,Ešeppa,,,,
ETH1460eskadi,Ǝskadiya,,,,
ETH1461eZa,Ǝža,Äža,,,
ETH1462Ezo,Ezo,,,,
ETH1463Fadasi,Fädaši,,,,
ETH1464FakihA,Fakih ʿAre,,,,
ETH1465Faqihh,Faqīh Ḥarak,,,,
ETH1466Fataga,Fätägäm,,,,
ETH1467Fellat,Fellata,"Fulani, Fulde",,,
ETH1468Fellat,Fellata Melle,,,,
ETH1469Fogrot,Fogrotta ʿAre,,,,
ETH1470Franks,"Franks, idiom",,,,
ETH1471Fulful,Fulfulde,"Ful, Fulani, Fulbe",,,
ETH1472Fun,Fuñ,Fuñawi,,,
ETH1473Fur,Fur,,,,
ETH1474Fuurla,Fuurlabe,,,,
ETH1475Gaadul,Gaadulla,,,,
ETH1476Gaagwa,Gaagwang,,,,
ETH1477Gaalge,Gaalǧeʿel,,,,
ETH1478gaaliy,Ǧaʿalīyīn,Ǧaʿalī,,,
ETH1479Gaam,Gaam,,,,
ETH1480Gaamo,Gaamo,,,,
ETH1481Gaara,Gaara,,,,
ETH1482gaarso,"Ǧaarso, Or. ethn.",,,,
ETH1483Gaaso,Gaʿasó,,,,
ETH1484Gaba,Gaba,Kaapa,,,
ETH1485gaba,Ǧaba,,,,
ETH1486Gabal,Gäbäl,,,,
ETH1487Gabala,Gabala,,,,
ETH1488gabala,Ǧäbälawi,,,,
ETH1489Gabare,Gabare,,,,
ETH1490Gabarm,Gäbärma,,,,
ETH1491Gabra,Gabra,"Gabbra, Or. ethn.",,,
ETH1492gabart,Ǧäbärtii,,,,
ETH1493GabraM,Gabra Malbe,,,,
ETH1494Gada,Gada,,,,
ETH1495Gadaba,Gädäbano,,,,
ETH1496Gadabu,Gadabuursi,Gadabbuursi Samarroon,,,
ETH1497GadamS,Gädäm Sikta,,,,
ETH1498gado,Ǧado,,,,
ETH1499Gafat,Gafat,,,,
ETH1500Gagaak,Gaǧaak,,,,
ETH1501gahmag,Ǧahmagarato,,,,
ETH1502Gaica,Gaiča,,,,
ETH1503Galaan,Galaan,Gälan,,,
ETH1504Galbo,Galbo,,,,
ETH1505Galgad,Galgaduud,,,,
ETH1506Galila,Galila,Gayla,,,
ETH1507Galila,Galila,Gurage,,,
ETH1508Gallai,"Galla, idiom",,,,
ETH1509Gambo,Gämbo,,,,
ETH1510Gamio,Gamio,,,,
ETH1511Gamits,Gamitse,,,,
ETH1512Gamo,Gamo,"Gamu, Gemu, Guemu",,,
ETH1513Gandab,Gändabärat,,,,
ETH1514ganger,Ǧänǧǝren,Bab Ǧänǧǝren,,,
ETH1515Gangul,Ganǧule,,,,
ETH1516Gannin,Ganninto,,,,
ETH1517Ganta,Ganta,,,,
ETH1518Ganza,Ganza,Mao Ganza,,,
ETH1519Garabi,Garabit,,,,
ETH1520Garays,Garaysá,,,,
ETH1521Garbal,Garbale,,,,
ETH1522Garbic,Garbiččo,,,,
ETH1523Gardhe,Gardheere,,,,
ETH1524gareer,Ǧareer,,,,
ETH1525Garesa,Garesa,,,,
ETH1526Garfar,"Garfa, reg. Dime",,,,
ETH1527Gargee,Garǧeeda,,,,
ETH1528Garle,Garle,,,,
ETH1529Garsim,Garšima,,,,
ETH1530Gasame,Gaṣame,Gatame Kaḉama,,,
ETH1531gasar,Ǧāsār,,,,
ETH1532GasarG,Gasar Gudda,,,,
ETH1533Gata,Gata,,,,
ETH1534gawe,Ǧawe,"Ǧaawee,Ǧawi, Jawe",,,
ETH1535Gawwad,Gawwada,,,,
ETH1536Gaykes,Gaykes,,,,
ETH1537gayman,Ġaymān,,,,
ETH1538Gebban,Gebbanitae,,,,
ETH1539Gedeno,Gedeno,,,,
ETH1540GefMel,Gǝf Mela,Ǧǝfmela,,,
ETH1541gele,Ǧǝle,,,,
ETH1542Geledi,Geledi,,,,
ETH1543Gembic,Gǝmbiču,,,,
ETH1544gerato,Ǧǝratom,,,,
ETH1545Gerger,Gergere,"Gärgärä, Qärqärte",,,
ETH1546GeriBa,Géri-Baabile,,,,
ETH1547Gerr,Gerr,,,,
ETH1548Gerrhe,Gerrheans,,,,
ETH1549Gerru,Gerru,,,,
ETH1550Geto,Geto,"Geta, Gyäta",,,
ETH1551Geza,Geza,,,,
ETH1552Gezo,Gezo,,,,
ETH1553Gibdos,Gibdōso,,,,
ETH1554gibril,Ǧibrīl Abokr,,,,
ETH1555gidati,Ǧidʿatī,,,,
ETH1556giddaa,Ǧiddaa,Ǧeddaa,,,
ETH1557giddu,Ǧiddu,,,,
ETH1558Gide,Gide,,,,
ETH1559gideni,Ǧideničč,,,,
ETH1560Gideo,Gideʾo,Därasa,,,
ETH1561gie,Ǧie,,,,
ETH1562giille,Ǧiillee,,,,
ETH1563Giindo,Giindo,,,,
ETH1564gikan,Ǧikañ,,,,
ETH1565gilbo,Ǧilbo,,,,
ETH1566Gimbir,Gimbir,,,,
ETH1567Gimira,Gimira,,,,
ETH1568Gimise,Gimise,,,,
ETH1569Girirr,"Girirra, dial. Somali",,,,
ETH1570girruu,Ǧirruu,,,,
ETH1571Gisa,Gisa,,,,
ETH1572Gobe,Gobe,,,,
ETH1573Gobo,Gobo,,,,
ETH1574Gôɖaw,Gôɖáw,,,,
ETH1575Gofa,Gofa,,,,
ETH1576Gogga,Gogga,,,,
ETH1577Gogoss,Gogošša,,,,
ETH1578Gogot,Gogot,,,,
ETH1579Goirin,Goirinaa,,,,
ETH1580Goirin,Goirinṣi,,,,
ETH1581Gollan,Gollango,"Kollanko, Wällängo",,,
ETH1582Gomara,Gomara,,,,
ETH1583Gomba,Gomba,,,,
ETH1584Gombec,Gombeččuu,,,,
ETH1585Gona,Gona,,,,
ETH1586Gonga,Gonga,,,,
ETH1587Goona,Goona,Gona,,,
ETH1588Gordan,Gordanna,Soddo Gordanna,,,
ETH1589Gorgor,Gorgorša,,,,
ETH1590Gorosb,Gorosbolo,,,,
ETH1591Gorros,Gorrose,"Gorräse, Korrose",,,
ETH1592Gosage,Gosage,,,,
ETH1593Gosana,Gošanaʾa,,,,
ETH1594Gotage,Gotage,,,,
ETH1595Goyras,Goyraš,,,,
ETH1596Goyrii,Goyriinaa,,,,
ETH1597Goza,Goza,,,,
ETH1598GubaDe,Guba Dera,,,,
ETH1599GubaGa,Guba Gababa,,,,
ETH1600Gubahi,Gubahin,,,,
ETH1601Gubawi,Gubawi,,,,
ETH1602Guca,Guḉa,,,,
ETH1603Gudela,Gudela,Gwǝdela,,,
ETH1604Guduru,Guduru,Gudru,,,
ETH1605Guemo,Guemo,,,,
ETH1606Guggi,Guǧǧi,,,,
ETH1607guhani,Ǧuhaniyya,,,,
ETH1608guhayn,Ǧuhayna,,,,
ETH1609Gulatt,Gulätt,,,,
ETH1610Gulba,Gulba,,,,
ETH1611Gumar,Gumär,,,,
ETH1612Gumuz,Gumuz,,,,
ETH1613Gurage,Gurage,,,,
ETH1614Gurgur,Gurgura,,,,
ETH1615Guttuu,Guttuu,,,,
ETH1616Haadii,Haadiiččo,,,,
ETH1617habab,Ḥabab,,,,
ETH1618HabarA,Habar ʿAffaan,,,,
ETH1619HabarA,Habar Awal,,,,
ETH1620HabarG,Habar Garḥaǧis,Habar Garxajis,,,
ETH1621HabarG,Habar Gidir,,,,
ETH1622HabarM,Habar Magaadleh,,,,
ETH1623HabarT,Habar Tolǧeʿlo,,,,
ETH1624HabarY,Habar Yoonis,Yūnis,,,
ETH1625habasa,Ḥabašāt,ḤBS,,,
ETH1626habsi,Ḥabšī,,,,
ETH1627Haɖanɖ,Haɖánɖowa,"Hadändowa, Hadendoa",,,
ETH1628Hadiyy,Hadiyya,,,,
ETH1629Haffar,Haffära,,,,
ETH1630Hagalo,Hagalo,,,,
ETH1631haggiA,Ḥaǧǧi Abkur,,,,
ETH1632haggis,Ḥaǧǧi Šek Dimbago,,,,
ETH1633Haizo,Haizo,,,,
ETH1634Hakaak,Hakaakoo,,,,
ETH1635Halaku,Halaku,,,,
ETH1636halang,Ḥalänga,,,,
ETH1637Hallen,Hallenga,,,,
ETH1638Hamadl,Hamadlu,,,,
ETH1639Hamag,Hamaǧ,,,,
ETH1640Hamar,Hamär,,,,
ETH1641Hamask,Hamaškorêb,,,,
ETH1642Hamaya,Hamaya,,,,
ETH1643Hamec,Haméč,,,,
ETH1644hamran,Ḥamrān,"Ḥomrān, Ḥumrān",,,
ETH1645hamta,Ḫamta,"Ḫamär, Ḫamǝr, Ḫamǝt, Ḫamir, Khamir, Xamir",,,
ETH1646Hanoma,Hanoma,"Hanuma, Anuma",,,
ETH1647harak,Ḥarak,,,,
ETH1648Harari,Harari,Adäre,,,
ETH1649Harbak,Harbakäl,,,,
ETH1650Harbaw,Harbäwaš,,,,
ETH1651Harbe,Harbe,,,,
ETH1652Harbeg,Harbegoona,,,,
ETH1653harkam,Ḥarkammēlá,,,,
ETH1654harla,Ḥarla,Harálla,,,
ETH1655Harro,Harro,Haruro,,,
ETH1656Harso,Harso,"Harse, Wäraze",,,
ETH1657Harsu,Harsu,,,,
ETH1658harti,Ḥarti,,,,
ETH1659Haruro,Haruro,,,,
ETH1660Hasa,Hāsā,Ḫasa,,,
ETH1661hasaba,Ḥasāballá ʿÁre,Ḥasāballá-d dik,,,
ETH1662hasaba,Ḥasabat ʿAre,,,,
ETH1663HasanA,Hasan Allaaba,,,,
ETH1664hasanG,Ḥasan Gāša,,,,
ETH1665hasana,Ḥasanāb,,,,
ETH1666hasoba,Ḥasōba,Ḥassōbá,,,
ETH1667hassan,Ḥassan Geyša,,,,
ETH1668hassiy,Ḫaṣṣīya,,,,
ETH1669hasu,Ḫāsu,,,,
ETH1670Hausa,Hausa,,,,
ETH1671hauwud,Ḥauwuda,,,,
ETH1672Hawiye,Hawiye,,,,
ETH1673haysam,Ḥaysamāle,,,,
ETH1674hazo,Ḥazo,"Ḥado, Ḥazu",,,
ETH1675hazoAs,Ḥazo ʿAsaʿalīla,,,,
ETH1676hdhRMT,ḤḌRMT,,,,
ETH1677hDQN,ḤDQN,ḤDFN,,,
ETH1678Hebrew,Hebrew,,,,
ETH1679Hedara,Hǝdaräb,"Hadaarib, Hadareb, Ḥadārib, Ḥadāriba",,,
ETH1680Hembaa,Hembaʾa,,,,
ETH1681henkeb,Ḥenkébba,,,,
ETH1682Hepasa,Heṗaṣa,,,,
ETH1683herto,Ḥertó,,,,
ETH1684Higir,Higir,,,,
ETH1685Hinnir,Hinnira,,,,
ETH1686Hoku,Hoku,,,,
ETH1687Holloo,Holloo,,,,
ETH1688hugari,"Ḥuǧarīya, pl.n.",,,,
ETH1689HugraW,"Huǧra Wärrä Abbaye, town",,,,
ETH1690Huhwar,"Huhwara, pl.n.",,,,
ETH1691Hulawa,"Hula, wär.",,,,
ETH1692Hulate,"Hulät-Ǝrgi, pl.n.",,,,
ETH1693Hulate,"Hulät Ǝǧ Ǝnnäse,wär.",,,,
ETH1694Hullep,"Hulle, pl.n.",,,,
ETH1695Hulluk,"Hulluka, riv.",,,,
ETH1696humara,Ḥumära,"ʾƎhǝmärin, Ḥǝmärin, Ḥǝmora , pl.n.",,,
ETH1697Humbop,"Humbo, pl.n.",,,,
ETH1698Hoofa,Hoofa,,,,
ETH1699Hooko,Hooko,,,,
ETH1700Horroo,Horroone,,,,
ETH1701Hozo,Hozo,,,,
ETH1702Hubban,Hubbana,,,,
ETH1703Humara,Humarad,,,,
ETH1704Humban,Humbanaa,,,,
ETH1705húmmad,Ḥúmmad-Dāba,,,,
ETH1706hummad,Ḥummaddó,,,,
ETH1707Humme,Humme,,,,
ETH1708Hurruu,Hurruumuu,,,,
ETH1709Hyksos,Hyksos,,,,
ETH1710Idda,Idda,,,,
ETH1711Iddafe,Iddäfer,Iddefir,,,
ETH1712iddi,ʿÍddi,,,,
ETH1713Idik,Idik,,,,
ETH1714Ifraag,Ifraaǧo,,,,
ETH1715Iggu,Iǧǧu,,,,
ETH1716Ilamu,Ilamu,,,,
ETH1717Illuu,Illuu,"Ilu, Iluu",,,
ETH1718Immîno,Immînó,,,,
ETH1719Ingass,Ingassana,,,,
ETH1720Iraqw,Iraqw,,,,
ETH1721Irbo,Irbo,,,,
ETH1722Irir,Irir,,,,
ETH1723Irob,Irob,,,,
ETH1724Ironna,Ironnaba,,,,
ETH1725Isaaq,Isaaq,,,,
ETH1726Ismail,Ismāʾīl,Ismaaiil,,,
ETH1727Israel,Israelites,,,,
ETH1728Issa,ʿIssa,"Cisse, ʿIise",,,
ETH1729Ittuu,Ittuu,,,,
ETH1730Jain,Jain,,,,
ETH1731Jewsre,"Jews, rel.",,,,
ETH1732Jibbal,Jibbali,,,,
ETH1733Jiiddu,"Jiiddu, dial. Somali",,,,
ETH1734Jiidle,Jiidle,,,,
ETH1735Jikaan,Jikääny,"Abigar, dial.",,,
ETH1736Jumjum,Jumjum,,,,
ETH1737JurLuw,Jur-Luwo,Jur Luo,,,
ETH1738Kabaal,Kabaal ʿAd,,,,
ETH1739Kababi,Kababiš,,,,
ETH1740Kabaal,Kabaal Maadoow,,,,
ETH1741Kabota,Kabota,,,,
ETH1742Kabuta,Kabuta,,,,
ETH1743Kacama,Kaḉama,,,,
ETH1744Kadalo,Kadalo,,,,
ETH1745Kadu,Kadu,,,,
ETH1746Kafa,Käfa,Käfiččo,,,
ETH1747Kahali,Kahali,,,,
ETH1748Kalaa,Kalaa,,,,
ETH1749Kalaza,Kalaza,,,,
ETH1750Kaleso,"Kale, soc. ethn.",,,,
ETH1751Kaleng,Kalenǧin,,,,
ETH1752Kallab,Kallabayḍ,,,,
ETH1753Kallac,Kallaččum,,,,
ETH1754Kamba,Kamba,Kikamba,,,
ETH1755Kambaa,Kambaata,,,,
ETH1756Kanuri,Kanuri,,,,
ETH1757Kanz,Kanz,,,,
ETH1758Kara,Kara,Karo,,,
ETH1759Kara,Kara,Kara apoKaro,,,
ETH1760Karani,Karanī,,,,
ETH1761Karatt,Karatti,Karatte,,,
ETH1762Karawa,Karawa,,,,
ETH1763Karbud,Karbuddá,,,,
ETH1764Karimo,Karimoǧoŋ,,,,
ETH1765Karmet,Karmet,,,,
ETH1766Kasa,Ḵasā,al-Ḫaṣṣīya,,,
ETH1767Kaskan,Kaskantamas,,,,
ETH1768Kasu/K,Kasu/KS,,,,
ETH1769Kawka,Kawka,,,,
ETH1770Kayla,Kayla,,,,
ETH1771Kereit,Kereits,Qara Ḫitāy,,,
ETH1772Kestan,Kǝstane,,,,
ETH1773Kikuyu,Kikuyu,,,,
ETH1774Kinda,Kinda,,,,
ETH1775Kîu,Kîʿu,,,,
ETH1776Kodell,Kodelle,,,,
ETH1777Kogo,Kogo,,,,
ETH1778Komo,Komo,"Gokwɔm, Koma",,,
ETH1779Konkan,Konkani,,,,
ETH1780Kono,Kono,,,,
ETH1781Konso,Konso,,,,
ETH1782Konta,Konta,,,,
ETH1783Kooret,Koorete,"Amaaro, Amarro, Koore, Kore, Koyra",,,
ETH1784Kooyye,Kooyyee,,,,
ETH1785Kotoko,Kotoko,,,,
ETH1786Koytad,"Koyta, dial. Nara",,,,
ETH1787KoytaM,Koyta Marda,,,,
ETH1788Kuca,Kuča,,,,
ETH1789Kuek,Kuek,,,,
ETH1790Kuliak,Kuliak,,,,
ETH1791Kumam,Kumam,,,,
ETH1792Kunama,Kunama,,,,
ETH1793Kundes,Kundes,,,,
ETH1794Kunfal,Kunfäl,,,,
ETH1795Kunfal,Kunfäl,,,,
ETH1796Kura,Kura,,,,
ETH1797Kurds,Kurds,,,,
ETH1798Kusa,Kusa,,,,
ETH1799Kusuma,Kusuma,"Gato, Gatto, Kato",,,
ETH1800Kutay/,Kutay/Gändabarat,,,,
ETH1801Kutna,Kuʾtna,,,,
ETH1802Kutube,Kutube,,,,
ETH1803Kwama,Kwama,Goma,,,
ETH1804Kwegu,Kwegu,,,,
ETH1805Kwoygi,Kwoygi,,,,
ETH1806Laayta,Laʿaytän,,,,
ETH1807Labat,Labat,,,,
ETH1808Labhal,Labhalet ʿAre,,,,
ETH1809Lagoda,Lagoda,Logoda,,,
ETH1810Laha,Laha,,,,
ETH1811Laka,Laka,,,,
ETH1812LaloOr,"Lalo, Or. ethn.",,,,
ETH1813Lamaca,Lamačalli,,,,
ETH1814Lamu,Lamu,,,,
ETH1815Lang,Lang,,,,
ETH1816Lante,Lante,,,,
ETH1817Larim,Larim,,,,
ETH1818Lasine,Lasine,,,,
ETH1819Leemo,Leemo,Leemo-Hadiyya,,,
ETH1820Leeqaa,Leeqaa,Warra Leeqaa,,,
ETH1821Leeqaa,Leeqaa Qällǝm,,,,
ETH1822LelisA,Lēliš ʿAre,,,,
ETH1823Lemama,Lemamär,,,,
ETH1824Levite,Levites,,,,
ETH1825Libido,Libido,Märäqo,,,
ETH1826Libido,Libidor,,,,
ETH1827Liiban,Liiban,,,,
ETH1828Limmu,Limmu,,,,
ETH1829Lisa,Liša,,,,
ETH1830Lossa,Lossa,,,,
ETH1831Lotuho,Lotuho,Lotuko,,,
ETH1832Lummee,Lummee,Lume,,,
ETH1833Luo,Luo,Luwo,,,
ETH1834Maa,Maʿa,Leeqaa Maʿa,,,
ETH1835Maale,Maale,,,,
ETH1836Maalin,Maalingur,,,,
ETH1837Maasai,Maasai,,,,
ETH1838Maba,Maba,Mabaan,,,
ETH1839Macca,Mäḉḉa,,,,
ETH1840Mafa,Mafā,,,,
ETH1841Magaad,Magaadleh,,,,
ETH1842Magadi,Maǧāḏīb,,,,
ETH1843Magaŋg,Maǧaŋgir,,,,
ETH1844Magar,Mägär,,,,
ETH1845Mageer,Maǧeerteen,Majeerteen,,,
ETH1846MahadA,Maḥad ʿAse,,,,
ETH1847Mahri,Mahrī,,,,
ETH1848Mak,Mak,,,,
ETH1849MaKada,Mäḵada,,,,
ETH1850Makadd,Makaddoor,,,,
ETH1851Makade,Makadè,,,,
ETH1852Makahi,Makahíl,,,,
ETH1853Makki,Mäkki,,,,
ETH1854Malagw,Mälägw,,,,
ETH1855Malass,Mälaṣṣänay,,,,
ETH1856Malbe,Malbe,,,,
ETH1857Maldea,Maldeʾa,,,,
ETH1858Male,Mälé,,,,
ETH1859Malga,Mälga,,,,
ETH1860Malgaa,Malgaa,,,,
ETH1861Malhin,Malḥina Miʿimbara,Meʿembara,,,
ETH1862Malima,Malima,,,,
ETH1863Malko,Mälko,,,,
ETH1864Malle,Malle,,,,
ETH1865Malo,Malo,,,,
ETH1866Mana,Mana,Oto Mana,,,
ETH1867Mancoo,Mančoo,,,,
ETH1868Mandal,Mandala,,,,
ETH1869Mande,Mande,,,,
ETH1870Mando,Mando,,,,
ETH1871Mango,Manǧo,"Manča, Manǧa",,,
ETH1872Mangur,Mangurtô,,,,
ETH1873Mansa,Mänsaʿ,,,,
ETH1874Mao,Mao,,,,
ETH1875Maqorq,Mäqorqor,,,,
ETH1876Maraaq,Maraaqo,,,,
ETH1877Marar,Marar,,,,
ETH1878Maratt,Märätta,,,,
ETH1879Marda,Marda,,,,
ETH1880Mareeh,Mareeḥaan,,,,
ETH1881Marree,Marre󡸥eḥaan,"Marreḥān, Marrexan",,,
ETH1882Marta,Marta,,,,
ETH1883Marucl,"Maru, clan",,,,
ETH1884Marya,Marya,,,,
ETH1885Mashal,Mäsḥalit,,,,
ETH1886Masmas,Mäsmäs,"Masmas, Mäsmäsa",,,
ETH1887Maso,Mašo,,,,
ETH1888Masoll,Mašolle,"Mašǝle, Mašile, Mašola",,,
ETH1889Masqan,Mäsqan,"Gogot, Mascan, Maskan, Mǝsqan, Urib",,,
ETH1890Mastît,Mastîtai,,,,
ETH1891Matarb,Matarba,,,,
ETH1892Mati,Mati,,,,
ETH1893Matso,Matso,,,,
ETH1894Matto,Matto,,,,
ETH1895May,May,"Af Maay, Maymay",,,
ETH1896Mayak,Mayak,,,,
ETH1897Mayu,Mayu,,,,
ETH1898Mazahu,Mazahur,,,,
ETH1899MedraB,Mǝdrä Bägwäs,,,,
ETH1900Medun,Mǝ󐅫dūn,,,,
ETH1901Meen,Meʾen,Bodi,,,
ETH1902Mehri,Mehri,,,,
ETH1903Mela,Mela,,,,
ETH1904Melani,Melanir,,,,
ETH1905Mello,Mello,,,,
ETH1906Melsaf,Melšaf,,,,
ETH1907MerMer,Mer Meru,,,,
ETH1908Metin,Mǝṭin,Metine,,,
ETH1909Metta,Metta,,,,
ETH1910Miigo,Miigo,,,,
ETH1911Mikael,Mikaʾelo,,,,
ETH1912Mina,Mina,Sāho,,,
ETH1913Minaba,Minabä Zärʾay,,,,
ETH1914Minaea,Minaeans,,,,
ETH1915Minifi,Minifire,,,,
ETH1916Mirifl,Mirifle,,,,
ETH1917Misna,Mišna,,,,
ETH1918Modayt,Mōdaytó,,,,
ETH1919Moga,Moǧa,,,,
ETH1920Mogama,Mogämänna,,,,
ETH1921Mogare,Mogareb,"Mogaräb, Mogreb",,,
ETH1922Mogoma,Mogomanna,,,,
ETH1923Molkoo,Molkootu,,,,
ETH1924Mongol,Mongols,,,,
ETH1925Moseth,Mōset Ḥarag,,,,
ETH1926Mosiye,Mosiye,Bussa,,,
ETH1927Moz,Moz,,,,
ETH1928Mugugi,Muguǧi,Koegu,,,
ETH1929Muher,Muḫǝr,"Mwäḫǝr, Muxer",,,
ETH1930Murle,Murle,Olam,,,
ETH1931Mursi,Mursi,,,,
ETH1932Mururs,Murursade,"Murasade, Murusade",,,
ETH1933Musung,Mušunguli,,,,
ETH1934Muuser,"Muuse, reer",,,,
ETH1935Naa,Naʾa,,,,
ETH1936Nabarr,Nabarra,,,,
ETH1937Nadare,Nadare,,,,
ETH1938Nafas,Näfas,,,,
ETH1939Nafiha,Nāfiʿ Ḥarag,,,,
ETH1940Nagado,Nagado Tigroč,,,,
ETH1941Naggad,Naggadee,,,,
ETH1942Naggad,Naggadoo,Nagaadoo,,,
ETH1943Ŋalam,Ŋalam,,,,
ETH1944naŋato,Ñaŋatom,Bume,,,
ETH1945NaoBus,Nao Bušašo,,,,
ETH1946Nara,Nara,“Barya”,,,
ETH1947Nasiro,Nasiro,,,,
ETH1948Nassar,Nassár,,,,
ETH1949Nayi,Nayi,Naʾo,,,
ETH1950Negera,Negera,,,,
ETH1951Nonno,Nonno,"Nonnoo, Nonno Illuu, Nunnu, Nunnuu, Wärra Nonno",,,
ETH1952Noolee,Noolee,Nole,,,
ETH1953Nuba,Nuba,,,,
ETH1954Nuer,Nuer,,,,
ETH1955Nurab,Nurāb,,,,
ETH1956Nurann,Nuranna,,,,
ETH1957NuurYu,Nuur Yuunis,,,,
ETH1958Nzema,Nzema,,,,
ETH1959Obboru,Obborubär,,,,
ETH1960Oboo,Oboo,,,,
ETH1961Oborra,Oborra,,,,
ETH1962Ocollo,Očollo,,,,
ETH1963OdaAli,Oda ʿAlī,,,,
ETH1964Odoola,Odoola,,,,
ETH1965Olmoqu,Olmoque,,,,
ETH1966Ometo,Ometo,,,,
ETH1967Ongosu,Ongosula,,,,
ETH1968Ongota,ʿOngota,Birale,,,
ETH1969Ongut,Ongut,,,,
ETH1970Opuuo,Opuuo,,,,
ETH1971Ora,Ora,,,,
ETH1972Orma,Orma,,,,
ETH1973Oromo,Oromo,,,,
ETH1974Otto,Otto,,,,
ETH1975Otu,Otu,,,,
ETH1976Oyda,Oyda,,,,
ETH1977Oydina,Oydina,,,,
ETH1978Oyyata,Oyyata,"Oyeta, Oyota",,,
ETH1979Paayti,Paʾayti,,,,
ETH1980Pabir,Pabir,,,,
ETH1981Pokomo,Pokomo,,,,
ETH1982Pokot,Pokot,,,,
ETH1983Qabeen,Qabeena,,,,
ETH1984Qadida,Qādīdá,,,,
ETH1985Qahtan,Qaḥṭānī,Muqrī,,,
ETH1986Qeha,Qeha,,,,
ETH1987Qeween,Qeweena,,,,
ETH1988Qogo,Qogo,,,,
ETH1989Qoncac,Qončača,,,,
ETH1990Qortee,Qortee,,,,
ETH1991Qotong,Qoton ǧoog,,,,
ETH1992Qwadza,Qwadza,,,,
ETH1993Raayya,Raayyaa,,,,
ETH1994Rabban,"Rabban Šāḇōr, mon.",,,,
ETH1995Rabia,Rabīʿa,,,,
ETH1996Rahanw,Raḥanween,"Raḥanweyn, Raxanweyn",,,
ETH1997Rajput,Rajput,,,,
ETH1998Rasaid,Rašāʾida,"Rašāyda, Rašāyida",,,
ETH1999Rasidi,Rašīdī,,,,
ETH2000Rauso,Rauso,,,,
ETH2001Rayyaa,Rayyaa,"Rayya Azaboo, Raayyaa, Rayya",,,
ETH2002Rendil,Rendille,,,,
ETH2003Rengak,Rengako,,,,
ETH2004Rhyzop,Rhyzophagoi,,,,
ETH2005Rikabi,Rikābī,,,,
ETH2006Rikata,Rikʾata,,,,
ETH2007Riqbat,Riq򰄁bāt,,,,
ETH2008Ris,Ris,,,,
ETH2009Robra,Robra,,,,
ETH2010Rorom,Rorom,,,,
ETH2011Rubata,Ru򰄁bāṭāb,,,,
ETH2012saarba,Šaarbana,,,,
ETH2013saasoo,Šaašoogo,,,,
ETH2014sabbiy,Ṣabbīya,,,,
ETH2015Sabboe,"Sabbo, ethn",,,,
ETH2016Sabdar,Säbdärat,,,,
ETH2017sabo,Šabo,"Mikeyir, Sabu",,,
ETH2018Sadaca,Sadača,Sädäča,,,
ETH2019SadanM,Sadan Marawwa,,,,
ETH2020Saggo,Saggo,,,,
ETH2021Saho,Sāho,,,,
ETH2022Sahrat,Sahratān,,,,
ETH2023Sai,Sai,,,,
ETH2024Saiddo,Saʿiddó,,,,
ETH2025sakaco,Šakačo,"Šeka, Šekka",,,
ETH2026Sakmar,Sakmarra,,,,
ETH2027Sakuye,Sakuye,,,,
ETH2028sale,Šale,,,,
ETH2029Saleeb,Saleebaan,,,,
ETH2030Sallaa,Sallaan,,,,
ETH2031sallim,Ṣällim,,,,
ETH2032Sam,Sam,,,,
ETH2033Samaal,Samaale,,,,
ETH2034Samari,Samaritans,,,,
ETH2035samay,Ṣamay,"Ṣamakko, Ṣamako, Kule",,,
ETH2036Sambaa,Sambaata,,,,
ETH2037Sambir,Sambiri,,,,
ETH2038Sambur,Samburu,,,,
ETH2039Samene,Samene,,,,
ETH2040sanada,Ṣänʿadäglä,"Ṣanʿadägle, Ṣǝnʿa Dägle",,,
ETH2041Sandag,Sandage,,,,
ETH2042sangam,Šangama,Šangma,,,
ETH2043sanqel,Šanqǝlla,"Šanqalla, Šanqilla, Šǝnqǝlla",,,
ETH2044Sarabe,Säräbe,,,,
ETH2045Sarace,Saracens,,,,
ETH2046Sardal,Sardal,,,,
ETH2047Sarto,Särṭo,,,,
ETH2048sata,Ṣata,,,,
ETH2049sawatt,Šäwʿattä ʿAnsäba,"Šobʿattä Ansäba, Šäbattä Ansäba",,,
ETH2050sawis,Šawiš,,,,
ETH2051say,Šay,,,,
ETH2052saye,Šaye,,,,
ETH2053Sayyoo,Sayyoo,,,,
ETH2054sB,ŠʿB,,,,
ETH2055se,Še,,,,
ETH2056Seehor,Seehorma,,,,
ETH2057sekLah,Šek Laḥlaha ʿAre,,,,
ETH2058SekakB,Sēká-k Badoytá-mēlá,,,,
ETH2059seko,Šeko,"Čako, Dorsa/Dorša, Šäko, Šeka",,,
ETH2060Sekoda,Sǝkodasa,Sokodasa,,,
ETH2061Selti,Sǝlṭi,"Islamiñña, Yiislaam Af, Sǝlṭe, Silṭi, Silṭe",,,
ETH2062semaga,Šǝmagällä,"Šǝmagǝlle, Šǝmagille, Wäld Šum",,,
ETH2063Serma,Serma,,,,
ETH2064Sesea,Sesea,,,,
ETH2065seyamo,Ṣǝyamo,ṢYM,,,
ETH2066Sheekh,Sheekhaal,,,,
ETH2067Shillu,Shilluk,Šilluk,,,
ETH2068Sibuu,Sibuu,,,,
ETH2069sida,Śʾida,,,,
ETH2070Sidaam,Sidaama,"Sidama, Sidamo",,,
ETH2071Siddi,Siddī,,,,
ETH2072Sidee,Sidee,,,,
ETH2073Sikko,Sikko,Siko,,,
ETH2074Silema,Silēman Gāša,,,,
ETH2075silkon,Šilkong,,,,
ETH2076SillaO,Silla Odda,Solla Odda,,,
ETH2077sinass,Šinašša,"Bòrná, Boro",,,
ETH2078Singab,Singabene,,,,
ETH2079sirazi,Šīrāzī,,,,
ETH2080siro,Širo,,,,
ETH2081sita,Šita,,,,
ETH2082SobaNo,Soba Noba,,,,
ETH2083Soddo,Soddo,Kǝstane,,,
ETH2084Sogona,Sogonà,,,,
ETH2085Solate,Solate,,,,
ETH2086Somali,Somali,,,,
ETH2087Songay,Songay,,,,
ETH2088Songo,Songo,,,,
ETH2089Songog,Songog Godá,,,,
ETH2090Sooro,Sooro,,,,
ETH2091Soorra,Soorraaʿ,,,,
ETH2092sori,Šori,,,,
ETH2093sua,Šua,,,,
ETH2094Suba,Suba,,,,
ETH2095Subaku,Subākum Ḥarag,,,,
ETH2096Subbo,Subbo,,,,
ETH2097Suber,Suber,,,,
ETH2098Sudee,Sudee,,,,
ETH2099sukuri,Šukurīya,Šukrīyah,,,
ETH2100Sumail,Sumâʿiltó,,,,
ETH2101sumal,Ṣūmāl,,,,
ETH2102Summus,Summus Sǝlṭi,,,,
ETH2103Suri,Suri,"Suuri, Surma",,,
ETH2104Suruks,Surukso,,,,
ETH2105Sutuma,Sutuma,,,,
ETH2106Suuba,Suuba,,,,
ETH2107Swahil,Swahili,,,,
ETH2108Taaisa,Taʿāʾiša,,,,
ETH2109Tagaro,Tägaro,,,,
ETH2110Taguda,Taguda,,,,
ETH2111Takil,Tákʿil,,,,
ETH2112Takkad,Takkaḍi,,,,
ETH2113Takkal,Täkkälä ʿAggäba,,,,
ETH2114Talfan,Tälfän,,,,
ETH2115Tallen,Tallensi,,,,
ETH2116Tama,Tama,,,,
ETH2117Tamitk,Tamít kē ḥaɖa-m mēlá,,,,
ETH2118taqwe,Ṭäqwe,,,,
ETH2119Tarqer,Tärqer Fǝtǝh,,,,
ETH2120Tarua,Tarūʿa,"Taroʿa, Tǝroʿa",,,
ETH2121Tatars,Tatars,,,,
ETH2122Tawalt,Tawaltut ʿAre,,,,
ETH2123Taza,Taza,,,,
ETH2124Tegera,Tǝgǝra,,,,
ETH2125Tegre,Tǝgre,,,,
ETH2126Tegren,Tǝgrǝñña,Tǝgrǝñña speakers,,,
ETH2127Tenet,Tenet,,,,
ETH2128Teru,Teru,,,,
ETH2129Teruha,Têru Ḥaysantó,,,,
ETH2130Teso,Teso,,,,
ETH2131Tiama,Tiama,,,,
ETH2132Tigret,Tigrētai,,,,
ETH2133Tika,Tika,,,,
ETH2134timbaa,Ṭimbaaro,,,,
ETH2135Timmuu,Timmuugaa,Ṭǝmmuga,,,
ETH2136Tirmag,Tirmaga,,,,
ETH2137Tongo,Tongo,,,,
ETH2138Toposa,Toposa,,,,
ETH2139Tora,Torʿa,,,,
ETH2140Torban,Torban Oboo,,,,
ETH2141Troglo,Troglodytai,Troglodites,,,
ETH2142Tukrir,Tukrīr,"Takrur, Tǝkwǝrir, Tuḵrir, Tuqrīr",,,
ETH2143Tumaal,Tumaal,,,,
ETH2144Tummee,Tummee,Tume,,,
ETH2145Turkan,Turkana,,,,
ETH2146Turo,Turo,Duro,,,
ETH2147Tuuf,Tuuf,,,,
ETH2148Tuulam,Tuulama,Tulama,,,
ETH2149Ubamar,Ubamär,"Ubamer, Woba",,,
ETH2150Uduk,Uduk,"Ṭwampa, Udhuk",,,
ETH2151Ulel,Ulél,,,,
ETH2152UllAll,Ullʾ Allaaba,,,,
ETH2153Uluto,Uluʿtó,,,,
ETH2154Ubamar,Ubamär,"Ubamer, Woba",,,
ETH2155UmarMa,"ʿUmar, Maǧeerteen ethn.",,,,
ETH2156Umarto,ʿUmarto,,,,
ETH2157UmmAli,Umm Alī,,,,
ETH2158UmmNag,Umm Nāǧī,,,,
ETH2159Ummo,Ummo,,,,
ETH2160UnɖaAl,ʿUnɖa ʿAlih-sarra,,,,
ETH2161Uraga,Uraga,Uraaga,,,
ETH2162Urdu,Urdu,,,,
ETH2163Uru,Uru,,,,
ETH2164Urusso,Urusso,,,,
ETH2165Urweyn,Urweyne,,,,
ETH2166Usmalo,Usmalo,,,,
ETH2167Waata,Waaṭa,,,,
ETH2168Waayyu,Waayyu,,,,
ETH2169Wabaju,Wabajuni,,,,
ETH2170Wabari,Wabarii,Oborra,,,
ETH2171Waboni,Waboni,,,,
ETH2172Waco,Wačo,,,,
ETH2173Waddu,Waddu,,,,
ETH2174Waga,Waga,,,,
ETH2175Wagguu,Waǧǧuu,,,,
ETH2176Wagosa,Wagoša,,,,
ETH2177Wagram,Wagram,,,,
ETH2178Wako,Wako,,,,
ETH2179Walaal,Walaaldoon,,,,
ETH2180Walane,Wäläne,"Wälläne-Gädäbano, Wälläne",,,
ETH2181Walayt,Wälaytta,"Borodda, Wälamo",,,
ETH2182Waliso,Waliso,Wälliso,,,
ETH2183Wallag,Wallaga,,,,
ETH2184Walqay,Wälqayte,,,,
ETH2185Wange,Wänge,,,,
ETH2186Waqtis,Waqtišiile,,,,
ETH2187Warabo,Wäräbo,,,,
ETH2188Warans,Wäränša,,,,
ETH2189Wardii,Wardiiq,,,,
ETH2190Wargeh,Warǧǝh,"Warǧih, Wargeh, Wargar, Wegar",,,
ETH2191Wargii,Wärǧii Tuulama,,,,
ETH2192WarraB,Wärra Babbo,,,,
ETH2193WarraD,Wärrä Daya,Dayya,,,
ETH2194WarraQ,Warra Qaallu,Wärrä Qallu,,,
ETH2195Warrat,Wärrä Ṭayyä,,,,
ETH2196WarraW,Wärrä Wayyu,,,,
ETH2197Warsan,Warsangali,Warsangeeli,,,
ETH2198Warya,Warya,,,,
ETH2199Wayto,Wäyṭo,,,,
ETH2200Wayyu,Wayyu,,,,
ETH2201Wayza,Wäyza,,,,
ETH2202Welbar,Wǝlbaräg,"Wulbaräg, Hulbaräg, Ulbaräg, Ourlbaragué",,,
ETH2203Werib,Wǝrib,,,,
ETH2204Wuriro,Wuriro,Wǝriro,,,
ETH2205Wiitto,Wiitto-Giira,Wito-Giira,,,
ETH2206Wobbar,Wobbara,,,,
ETH2207Wogace,Wogače,,,,
ETH2208Wogats,Wogatše,,,,
ETH2209Woqate,Woqate,,,,
ETH2210Woiso,Woiśʾo,,,,
ETH2211Woriid,Woriidi,,,,
ETH2212WYTL,WYTL,,,,
ETH2213Yaaku,Yaaku,,,,
ETH2214Yabadi,Yäbadi,,,,
ETH2215Yaga,Yaga,,,,
ETH2216Yahaab,Yahaabur,,,,
ETH2217Yakkaa,Yakkaa,Yäkka,,,
ETH2218Yaliyy,Yaliyyaṭǝb,,,,
ETH2219Yam,Yäm,"Ǧanǧäro, Yämsa, Yem, Yemma",,,
ETH2220Yamari,Yamaričo,,,,
ETH2221Yanaas,Yanaase,,,,
ETH2222Yaqote,Yäqotǝb,,,,
ETH2223Yaqubt,Yaʿqubto,,,,
ETH2224Yaqula,Yaqula,,,,
ETH2225Yaqumb,Yäqumbäl,,,,
ETH2226Yelman,Yǝlmana,,,,
ETH2227Yenaqw,Yǝnäqwamt,,,,
ETH2228YGd,YGʿḎ,,,,
ETH2229Yibir,Yibir,,,,
ETH2230YofisG,Yōfis Gāša,,,,
ETH2231Yoira,Yoira,,,,
ETH2232Yoruba,Yoruba,,,,
ETH2233Yuusuf,Yuusuf,,,,
ETH2234Zaa,Zaa,,,,
ETH2235Zada,Zadʾa,,,,
ETH2236Zafit,Zäfit,,,,
ETH2237Zala,Zala,,,,
ETH2238Zalan,Zälan,,,,
ETH2239ZamanB,Zaman Bara,,,,
ETH2240Zamute,Zamute,,,,
ETH2241Zanafi,Zanāfiǧ,,,,
ETH2242Zara,Žära,,,,
ETH2243Zargul,Zargulla,,,,
ETH2244Zarit,Zärʾit,,,,
ETH2245Zatta,Zatta,,,,
ETH2246Zawra,Zawra,,,,
ETH2247Zay,Zay,Zway,,,
ETH2248Zayse,Zayse,,,,
ETH2249Zazo,Zazo,,,,
ETH2250ZebanB,Zǝban Bur,,,,
ETH2251ZebanS,Zǝban Säraw,,,,
ETH2252Zebdar,Zebdar,,,,
ETH2253ZellaA,Zellaʿ ʿAre,,,,
ETH2254Zoba,Zoba,,,,
ETH2255Zolo,Zolo,,,,
ETH2256Zomba,Zomba,,,,
ETH2257Zulu,Zulu,,,,
ETH2258Zute,Zute,,,,
ETH2259Zuza,Zuza,,,,