ID,Title 1,Title 2,Author,Author ID,MSS related (lookup)
LIT1001Homili,15 Homilies on the Song of Songs,,,,
LIT1002AbbaEl,Abba Elyas,,,,
LIT1003Abbaga,Abba Ǧale,,Kǝfle Wäldä Ṣadǝq,,
LIT1004AbbaNa,Abba Näfso,,Bǝrhanu Zäryǝhun,,
LIT1005AbbaTa,Abba Taṭäq Kasa:Yäqwaraw anbäsa,,Gärima Taffärä,,
LIT1006Abbate,Abbatǝnna lǝǧǧočč,,Täsfayä Gässäsä,,
LIT1007Abdann,ʿAbdannāṣir wa-ṯ-ṯawra al-Ifrīqīya,,Muḥammad Muḥammad Fāʾiq,,
LIT1008Abiyyw,ʿAbiyy wǝʾǝtu ǝgziʾabǝḥer,,,,
LIT1009Abranz,Abrän zǝmm ǝnnǝbäl,,Ṣäggaye Gäbrä Mädḫǝn,,
LIT1010Abuqer,"Abuqer,Yoḥannǝs and the three virgins",,,,
LIT1011Abusak,Abušakǝr,,,,
LIT1012ActaPi,Acta Pilati,,,,
LIT1013ActaSa,Acta Salvatoris,,,,
LIT1014Actsof,Acts of Matthew,,,,
LIT1015Actsof,Acts of Matthias and Andrew,,,,
LIT1016Actsof,Acts of Paul,,,,
LIT1017Actsof,Acts of Peter,,,,
LIT1018Actsof,Acts of Philip in Greece,,,,
LIT1019Actsof,Acts of the Apostles,,,,
LIT1020Actsof,Acts of Thomas,,,,
LIT1021Adafre,Adäfrǝs,,Daññaččäw Wärqu,,
LIT1022Addisa,Addis ʿaläm,,Ḫǝruy Wäldä Śǝllase,,
LIT1023Addisy,ʿAddis yamarǝñña mäzgäbäqalat,,Dästa Täklä Wäld,,
LIT1024adDuaw,ad-Duʿāʾ wa-yalīhi:al-ʿIlāǧ bir-ruqya min al-kitāb was-sunna,,,,
LIT1025adDusq,ad-Dusqūlīyya,ad-Dasqūlīyya,,,
LIT1026Adgena,Adgǝna Tägäläba,Sǝrʿat Adgǝna Tägäläba,,,
LIT1027Afarya,Afär yanäśśa śǝga,,Säyfu Mättafäriya,,
LIT1028Affaga,Affaǧäšǝññ,,Yoftahe Nǝguśe,,
LIT1029Agaiba,ʿAǧāʾib al-āṯār fī t-tarāǧim wal-aḫbār,,al-Ǧabartī,,
LIT1030Agains,Against Diodore of Tarsus and Theodore of Mopsuestia,,Cyril,,
LIT1031Agains,Against Eunomius,,Basil the Great,,
LIT1032Agains,Against Eunomius,,Gregory of Nyssa,,
LIT1033Agains,Against Eustathius,,Gregory of Nyssa,,
LIT1034Agains,Against Marcellus,,Eusebios of Caesarea,,
LIT1035Agains,Against Nestorius,,Cyril of Alexandria,,
LIT1036Agains,Against Nestorius,,Theodotos of Ankyra,,
LIT1037Agains,Against the Origenists,,Theophilos of Alexandria,,
LIT1038Agains,Against those who speak about Two Natures (of Christ),,,,
LIT1039Agakit,Agäki!täketǝnät–Aǧinät,,Gäbrä Yäsus Ḫaylämaryam,,
LIT1040Agazi,Agʿazi,,Wäldä Giyorgis,,
LIT1041Ahbara,Aḫbār an-Nuba wal-Muqurra wa-ʿAlwa wal-Buǧa wan-Nīl,,Ibn Sulaym,,
LIT1042Ahbara,Aḫbār az-zaman,,al-Masʿūdī,,
LIT1043Ahsana,Aḥsan at-taqāsīm,,al-Muqaddasī,,
LIT1044Akeab,Akǝʿab,,Käbbädä Mikaʾel,,
LIT1045Akkwat,Akkwätetä qwǝrban zäqǝddus Eṗifanyos,,,,
LIT1046Aksima,Aksimaros,"Aksīmāris,Hexameron",,,
LIT1047Aksumi,Aksumite collection,,,,
LIT1048aladab,al-Ādāb al-ǧāmiʿa,,Ḥāmid b. Ṣiddīq al-Hararī,,
LIT1049alAhba,al-Aḥbāš bayna Maʾrib wa-Aksūm,,Mumtāz al-ʿArīf,,
LIT1050alAlaq,al-ʿAlāqāt as-siyāsīya,,Muḥammad Raǧab ʿAbdalḥalīm,,
LIT1051Alamwa,ʿAläm wärätäñña,,Mäkwännǝn Ǝndalkaččäw,,
LIT1052alAnwa,al-Anwār al-mutarākima,,Muḥammad ʿUṯmān al-Mīrġanī,,
LIT1053alAsra,al-Asrār as-Sāriya,,Bušrā,,
LIT1054Alewwa,Alǝwwällädǝmm,,Abbe Gubäñña,,
LIT1055alFils,"al-Fīl, sūra",,,,
LIT1056Algaba,Algäbam goǧǧoye,,Wasihun Bälay,,
LIT1057algawa,al-Ǧawāhir al-ḥisān fī tarīḫ al-Ḥubšān,,Aḥmad Hifnī al-Qanāʾī,,
LIT1058algaws,al-Ǧawšan al-kabīr,,,,
LIT1059Alhaba,Al-Ḥabaša,,Gǝrmaččäw Täklä Ḥawaryat,,
LIT1060alhaba,al-Ḥabaša,,Gǝrmaččäw Täklä Ḥawaryat,,
LIT1061alhaba,al-Ḥabaša al-Muslima,,Taysīr Zabiyān,,
LIT1062alhaba,al-Ḥabaša bayna l-iqṭāʿ wa-l-ʿaṣr al ḥadīṯ,,Rašīd al-Barrāwī,,
LIT1063alHady,al-Hady al-qudsī fi faḍāʾil āyat al-kursī,,Ibrāhīm al-Muḫtār Aḥmad ʿUmar,,
LIT1064alHigr,al-Hiǧra ilā l-Ḥabaša,,ʿAbdalfattāḥ ʿAlīyān,,
LIT1065Alifye,Alif yeen,,ʿAli ʿAbdiraḥmaan,,
LIT1066alIsab,al-Iṣāba fī tamyīz aṣ-ṣaḥāba,,Ibn Ḥaǧar al-ʿAsqalānī,,
LIT1067alIsla,al-Islām al-Ǧarīḥ fī l-Habaša,,Abū Aḥmad al-Iṯyūbī,,
LIT1068alIsla,al-Islām wa-l-Habaša ʿabr at-taʾriḫ,,Fatḥī Ġayṯ,,
LIT1069alKasf,al-Kašf ʿan muǧāwazat hāḏī l-umma al-alf,,Suyūṭī,,
LIT1070alKawa,al-Kawākib ad-durrīya fī madḥ ḫayr al-barrīya,Burda,al-Busīrī,,
LIT1071alKita,al-Kitāb al-manqūš fī manāqib al-ḥubūš,,an-Nawawī,,
LIT1072alKita,al-Kitāb al-muḫtār min ṭalabāt al-abrār,,,,
LIT1073Allahu,Allahummä solli ala muḥammädi imamul anbiya säydal mursälin,,Aḥmäd ʿUmär,,
LIT1074alLuma,al-Lumʿa al-bahīya fī mawlid ḫayr al-barrīya,,Bušrā āy Muḥammad,,
LIT1075Almage,Almagest,,Ptolemy,,
LIT1076alMagm,al-Maǧmaʿ al-mubārak,Chronicle; Universal History,Giyorgis Wäldä ʿAmid,,
LIT1077alMagm,al-Maǧmūʿa,,Budallāh,,
LIT1078alMagm,al-Maǧmūʿa al-mubāraka,,ʿAbdallah b. Yūsuf,,
LIT1079alMasa,al-Masāʾil al-fiqhīya allatī lā yuʿḏaru fīhā bil-ǧahl,,Bahrām b. ʿAbdallāh b. ʿAbdalʿazīz,,
LIT1080Almata,Almätam qärrähu,,Fǝqrä Maryam Ayyälä,,
LIT1081Almoth,Almothumm bǝyye alwašǝmm,,Mäkwännǝn Ǝndalkaččäw,,
LIT1082alMuda,al-Mudawwana al-kubrā,,Qayrawānī Saḥnūn,,
LIT1083alMuqa,al-Muqaddima,,Ibn Ḫaldūn,,
LIT1084alMuqa,al-Muqaddima al-ḥaḍramīya fī fiqh as-sādati aš-šafiʿīya,,ʿAbdallāh b. ʿAbdarrḥmān 򰄁Bā Faḍl al-Haḍramī,,
LIT1085alMuta,al-Mutawwakil,,as-Suyūṭī,,
LIT1086alMuwa,al-Muwaṭṭaʾ,Kitab al-muwaṭṭaʾ,Mālik b. Anas,,
LIT1087Alphab,Alphabet of Jesus ben Sira,,,,
LIT1088alQasi,al-Qaṣīda al-Ḥimyarīya,,Našwān,,
LIT1089alQura,al-Qurʾān,,,,
LIT1090alRisa,al-Risāla,,Ibn Abī Zayd,,
LIT1091alRisa,al-Risāla fī uṣūl al-fiqh,,aš-Šafʿī,,
LIT1092AlulaA,Alula Abbanäga,,Mammo Wǝddǝnäh,,
LIT1093alUsda,al-Usd al-ġāba,,Ibn al-Aṯīr,,
LIT1094Amanue,Amanuʾel därso mäls,,Bǝrhanu Zäryǝhun,,
LIT1095Ambo,Ambo,,Ṣäggaye Gäbrä Mädḫǝn,,
LIT1096AmeriG,Ameri Ginni,,Yasin Maḥammoda,,
LIT1097Ammest,Ammǝstu aʿǝmadä mǝśṭir,,,,
LIT1098Anapho,Anaphora ofBasil,,,,
LIT1099Anapho,Anaphora of Our Lady,,,,
LIT1100Anapho,Anaphora of Our Lord,,,,
LIT1101Anapho,"Anaphora of St. James,the Lord’s Brother",,,,
LIT1102Anapho,Anaphora of St. Mark,,,,
LIT1103Anapho,Anaphora of the 318,,,,
LIT1104Anapho,"Anaphora of the Apostles,",,,,
LIT1105Anapho,Anaphora Pilati,,,,
LIT1106Anibal,Anibal,,Käbbädä Mikaʾel,,
LIT1107Ankari,Ankäriṭos,Ancoratus,,,
LIT1108Anqasz,Anqäṣ zä-kidan,,,,
LIT1109Anqasa,Anqäṣä amin,,,,
LIT1110Anqasa,Anqäṣä halleta,Halletat,,,
LIT1111Anqasa,Anqäṣä nǝssǝḥa,,,,
LIT1112Anqasa,Anqäṣä qǝddase,,,,
LIT1113Anqasa,Anqäṣä bǝrhan,Wǝddase wägǝnay läʾǝmma adonay,,,
LIT1114Ruleso,Rules ofAnthony,,,,
LIT1115Antich,Antichrist,,Hyppolitus,,
LIT1116Antirr,Antirrhetikos,,Gregory of Nyssa,,
LIT1117Antoni,Antonini itinerarium,,,,
LIT1118Apocal,Apocalypse ofBaruch,2 Baruch; Syriac Baruch,,,
LIT1119Apocal,Apocalypse ofBaruch,3 Baruch; Greek Baruch,,,
LIT1120Apocal,Apocalypse ofBaruch,5 Baruch,,,
LIT1121Apocal,Apocalypse of Ezra,,,,
LIT1122Apocal,Apocalypse of Gorgoryos,,,,
LIT1123Apocal,Apocalypse of Mary,,,,
LIT1124Apocal,Apocalypse of Mary,Raʾǝyä Maryam; Vision of Mary,,,
LIT1125Apocal,Apocalypse of Paul,,,,
LIT1126Apocal,Apocalypse of Paul,,,,
LIT1127Apocal,Apocalypse of Peter,,,,
LIT1128Apocal,Apocalypse of Peter,,,,
LIT1129Apocal,Apocalypse of Pseudo-Methodios,,,,
LIT1130Apocal,Apocalypse of Pseudo-Methodius,,,,
LIT1131Apocal,Apocalypse of Thomas,,,,
LIT1132Apocal,Apocalypse of Thomas,,,,
LIT1133Apolog,Apologetical Explanation on the Hexameron,,Gregory of Nyssa,,
LIT1134Apolog,Apologia ad Constantium,Apology to Emperor Constantius,Athanasius,,
LIT1135Apolog,Apology of Aristides,,,,
LIT1136Apopht,Apophthegmata Patrum,,,,
LIT1137Apostl,Apostles and disciples,,,,
LIT1138Apostl,"Apostles,Acts of the",Gǝbrä ḥawaryat,,,
LIT1139Apostl,"Apostles,Anaphora of the",,,,
LIT1140Apostl,"Apostles,Epistle of the",,,,
LIT1141Aposto,Apostolic Canons,Canons of the Apostles,,,
LIT1142Aposto,Apostolic Constitutions,,,,
LIT1143Appari,Apparition of the Virgin Mary at Mǝṭmaq,,,,
LIT1144Araya,Arʾaya,,Gǝrmaččäw Täklä Ḥawaryat,,
LIT1145Arayam,Arʾaya mäṣḥafä Ermǝyas,,,,
LIT1146Argano,Arganonä Maryam,Arganonä Wǝddase,Giyorgis of Sägla,,
LIT1147Arkeza,ʿArke zämäskäräm,,,,
LIT1148Arremu,Arrǝmuññ,,Mäkwännǝn Ǝndalkaččäw,,
LIT1149Asamme,Asämmǝʿ läkǝmu sämayatä,,,,
LIT1150Asbaba,Asbāb an-nuzūl,,as-Suyūṭī,,
LIT1151Asceti,Asceticon,Zena zäʾǝmʾabäwinä qǝddusan,,,
LIT1152assahi,aṣ-Ṣaḥīḥ,,al-Buḫārī,,
LIT1153assayh,aš-Šayḫ ar-Rūḥānī,,,,
LIT1154asSira,as-Sīra an-nabawīya,,Ibn Hišām,,
LIT1155Assump,Assumption of Moses,,,,
LIT1156asSuna,as-Sunan,,Abī Dāwūd,,
LIT1157asSuna,as-Sunan,,an-Nasāʾī,,
LIT1158asSuna,as-Sunan,,at-Tirmiḏī,,
LIT1159asSuna,as-Sunan,,Ibn Māǧa,,
LIT1160AteMen,Aṭe Mǝnilǝkǝnna Ityoṗya,,Gäbrä Ḥǝywät Baykädañ,,
LIT1161Athana,Athanasian Creed,Afri­can Symbol or Profession of FaithQuicumque,,,
LIT1162Athana,"Athanasius,Anaphora of",,,,
LIT1163AtoBal,Ato Bälaynäh wäym yäqǝṭat maʿbäl,,Käbbädä Mikaʾel,,
LIT1164attaba,aṭ-Ṭabaqāt al-kubrā,,Ibn Saʿd,,
LIT1165atTafs,at-Tafsīr,,aṭ-Ṭabarī,,
LIT1166attira,aṭ-Ṭirāz al-islāmī,,,,
LIT1167attira,aṭ-Ṭirāz al-manqūš fī maḥāsin al-ḥubūš,,al-Buḫārī,,
LIT1168atTuhf,at-Tuḥfa aš-Šāhiya fī ʿilm al-hayʾa,,Aš-Šīrāzī,,
LIT1169AveMar,Ave Maria,,,,
LIT1170Awas,Awaš,,Ṣäggaye Gäbrä Mädḫǝn,,
LIT1171Awdana,ʿAwdä nägäśt,,,,
LIT1172AwsaCh,Awsa Chronicle,,,,
LIT1173Ayaand,Ayaan daran,,Cabdullaahi Sh.Xuseen “Hantiwadaag”,,
LIT1174Aydall,Aydälläm zäwätǝr mot,,Däbbäbä Säyfu,,
LIT1175Ayneff,Aynǝffälalä,,Mǝsgǝna Täḵästä,,
LIT1176Ayneff,Aynǝffälalä:Ertǝra 1941-51,,ʿAlämsäggäd Täsfay,,
LIT1177Azhara,Azhār al-ʿurūš,,Suyūṭī,,
LIT1178Accery,Aḉḉǝr yäʿaläm tarik,,Gäbrä Krǝstos Täklä Haymanot,,
LIT1179Badaia,Badāʾi ʿ az-zuhūr fī waqāʾiʿ ad-duhūr,,Ibn Iyas,,
LIT1180Baenta,Bäʾǝntä abunä Abrǝham,,Jacob of Serug,,
LIT1181Baenta,Bäʾǝntä ʿǝrina qǝddǝst śǝllase,,Gregory of Nazianzos,,
LIT1182Baenta,Bäʾǝntä haymanot,,Theophilos,,
LIT1183Baenta,Bäʾǝntä ḥǝmamat maḫyawit,,Jacob of Serug,,
LIT1184Baenta,Bäʾǝntä lǝdätu,,Gregory of Nazianzos,,
LIT1185Baenta,Bäʾǝntä lǝdätu,,John Chrysostomos,,
LIT1186Baenta,Bäʾǝntä lǝdätu wäṭǝmqätu,,Jacob of Serug,,
LIT1187Baenta,Bäʾǝntä Maryam mäḥarännä Krǝstos,,,,
LIT1188Baenta,Bäʾǝntä Maryam,,,,
LIT1189Baenta,Bäʾǝntä nǝssǝḥa…,,Gregory of Nyssa,,
LIT1190Baenta,Bäʾǝntä qǝddǝsat,,,,
LIT1191Baenta,Bäʾǝntä śǝllasekä,,,,
LIT1192Baenta,Bäʾǝntä ṭǝmqätu läʾǝgziʾǝnä,,Gregory of Nyssa,,
LIT1193Baenta,Bäʾǝntä wäld,,Gregory of Nazianzos,,
LIT1194Baenta,Bäʾǝntä wäld fǝqur,,Gregory of Nazianzos,,
LIT1195Bahrah,Baḥrä ḥassab,,,,
LIT1196Balaka,Baläkabbanna balädabba,,Mängǝśtu Lämma,,
LIT1197Balg,Bälg,,Ṣäggaye Gäbrä Mä󑸫dḫǝn,,
LIT1198Baqada,Bäqädami gäbrä Ǝgziʾabǝḥer,,,,
LIT1199Barala,Bärälam wäyǝwasǝf,Book of Barlaam and Josaphat,,,
LIT1200Barthe,"Barthelemy,Questions of",,,,
LIT1201Bartos,Bartos,,,,
LIT1202Bookof,Book ofBaruch,4 Baruch; Liber Baruch;The Rest of the Words of Baruch;Paralipomena of Jeremiah,,,
LIT1203Baseto,Bäsetočču amba,,Ṗawlos Ñoñño,,
LIT1204Basha,Baṣḫa,,,,
LIT1205Batarr,Bäṭärra ḉäräqa,,Mängǝśtu Lämma,,
LIT1206Batteg,Battǝggarraññ,,ʿAlämitu Dämäna,,
LIT1207Bazaar,Bazaar of Herakleides,,Nestorius,,
LIT1208Beelan,Bǝʿǝlä nägäśt,,,,
LIT1209Behelm,Bǝḥǝlmi zǝrräʾayo mägäddi krǝstǝyan,,,,
LIT1210Belwak,Bel wäkäysi,,,,
LIT1211Bella,Bella,,Procopius of Caesarea,,
LIT1212Belseg,Bǝlṣǝgǝnna bägǝbǝrǝnna,,Wäldä Giyorgis,,
LIT1213Benedi,Benedictus,Song of Zechariah,,,
LIT1214Beresh,Bereshid Rabbah,,,,
LIT1215Berhan,Bǝrhanä ḫǝllina,,Käbbädä Mikaʾel,,
LIT1216Berram,Bǝrr ambar säbbärälwo,,Bǝrhanu Zäryǝhun,,
LIT1217betale,betä lǝḥem zema,betälǝḥem zema,,,
LIT1218Bedeet,"Bǝḍǝʿǝt anti, hymn",,,,
LIT1219Bible,Bible,Holy Scripture,,,
LIT1220Bookof,Book of Samuel,,,,
LIT1221Bookof,Book of the Wise Philosophers,,,,
LIT1222Canons,Canons after the Ascension of Our Lord,,,,
LIT1223Canons,Canons of Cyril III ibn Laqlaq,,,,
LIT1224Canons,"Canons of Eusebios,Canon tables",,,,
LIT1225Canons,Canons of Hippolytus,,,,
LIT1226Canons,Canons of Nicaea,"Canons of Church Fathers, Canons of the Nicean Fathers",,,
LIT1227Canons,Canons of Shenute,,,,
LIT1228Canons,Canons of Simon the Canaanite,,,,
LIT1229Cantat,Cantate Domino,Bull of Union,,,
LIT1230Cantip,Canti popolari tigrai,,Conti Rossini,,
LIT1231Cantic,Cantici di Sion,,,,
LIT1232Cantic,Canticle of the Three Youths in the Furnace,,,,
LIT1233Cantic,Canticles,,,,
LIT1234Catena,Catena Commentary on the Gospel,,,,
LIT1235Cathed,Cathedral Homilies,,Severos,,
LIT1236Caveof,Cave of Treasures,Mʿarraṯ gazzē,,,
LIT1237Chroni,Chronicle,,Eusebius,,
LIT1238Chroni,Chronicle,,Jacob of Edessa,,
LIT1239Chroni,Chronicle,,John of Nikiu,,
LIT1240Chroni,Chronicle,,Michael the Syrian,,
LIT1241Chroni,Chronicleof Zuqnin,,Pseudo-Dionisius,,
LIT1242Chroni,Chronicle of the Kingdom of Gumma,,Cerulli,,
LIT1243Chroni,"Chronicles, Book of",,,,
LIT1244Chroni,Chronicon,,John of Wintertur,,
LIT1245Kitaba,Kitāb at-tawārīḫ,Chronicon Orientale,,,
LIT1246Chroni,Chronicon Paschale,,,,
LIT1247Chrono,Chronographia,Chronicle,John Malalas,,
LIT1248Chrono,Chronographia,,Photius,,
LIT1249Chrono,Chronographia,,Theophanes,,
LIT1250Confes,Confessio,,Cyprian of Antioch,,
LIT1251Confes,Confessio,,Ṣägga Zäʾab,,
LIT1252Confes,Confessio Claudii,Confessio Fidei,Gälawdewos,,
LIT1253Confes,Confession,,Aššännafi Käbbädä,,
LIT1254Dagemm,Dagǝm mǝṣʾatu läkrǝstos wätǝnśaʾe mǝwǝtan,,,,
LIT1255Dagmaw,Dagmawi Mǝnilǝk nǝguśä nägäśt zäʾityoṗya,,Afäwärq Gäbrä Iyäsus,,
LIT1256Dalail,Dalāʾil al-ḫayrāt,,Abbaa Ǧoobir,,
LIT1257Damyal,Däm yalläš ṭorǝnnät,,Abbe Gubäña,,
LIT1258Dandew,Dandew Ḉäbbude,,Mängǝśtu Lämma,,
LIT1259Daniel,"Daniel, Book of",,,,
LIT1260Darasi,Därasiw,,Bäʿalu Gǝrma,,
LIT1261Dardaa,Dardaaran,,Muḥammad ʿAbdallāh Ḥasan,,
LIT1262Dawite,Dawitǝnna Orya,,Zolveker / Mäkwännǝn Ǝndalkaččäw,,
LIT1263Delkam,Dǝl kämot bäḫwala,,Bǝrhanu Zäryǝhun,,
LIT1264Derreb,Dǝrrǝb ḉǝqqun,,Ayyalnäh Mulatu,,
LIT1265Dersan,Dǝrsan ... bäʾǝntä qǝddǝst fasika,,Gregory of Nazianzos,,
LIT1266Dersan,Dǝrsan ... bäʾǝntä śǝllase fǝkre,,Epiphanios of Salamis,,
LIT1267Dersan,Dǝrsan … bäʾǝntä haymanot,,Epiphanios of Salamis,,
LIT1268Dersan,Dǝrsan bäʾǝntä ʿǝbäyä kǝbra läʾǝgzǝʾǝtǝnä Maryam,Apocalypse of Mary; Dǝrsanä Maryam,,,
LIT1269Dersan,Dǝrsan bäʾǝntä sänbätat,,Rǝtuʿa Haymanot,,
LIT1270Dersan,Dǝrsan bäʾǝntä täzalǝfotä Ayhud wämärgämä Yǝhuda Asqorotawi,,Sǝmʿon,,
LIT1271Dersan,Dǝrsan bäʾǝntä ḍäʾatä näfs,,Theophilos,,
LIT1272Dersan,Dǝrsan dagǝm zäʿǝzra,,,,
LIT1273Dersan,Dǝrsan wägädl zäyared,,,,
LIT1274Dersan,Dǝrsan wätǝmhǝrt zäʾabäwinä ḥawaryat qǝddusan,,,,
LIT1275Dersan,Dǝrsanzäʾabba Yaʿǝqob ṗaṗṗas zähagärä Nǝṣǝbin zäkämä mäṣʾa nǝguśä Fars bämäwaʿǝlihu wǝst hagärä Nǝṣǝbin,,Aphrahat,,
LIT1276Dersan,Dǝrsan zäbǝḍuʿ wäqǝddus abba Basǝlyos ʿeṗisqoṗṗos zäqesarǝya bäʾǝntä ḥǝnḍa betä krǝstiyan,,Basil the Great,,
LIT1277Dersan,Dǝrsan zätewoflos baʾǝntä qǝddus Yoḥannǝs,,,,
LIT1278Dersan,Dǝrsan zäyǝnäggǝr zäkämä täräkbä zenaha läqǝddǝst Maryam,,Cyriacus of Jerusalem,,
LIT1279dersan,dǝrsan,,,,
LIT1280Dersan,Dǝrsanä ab wäwäld wämänfäs Qǝddus,,,,
LIT1281Dersan,Dǝrsanä Abrǝham wäsǝra bägǝbṣ,,Ephrem,,
LIT1282Dersan,Dǝrsanä Afnin,,,,
LIT1283Dersan,Dǝrsanä fäyatay,,John Chrysostom,,
LIT1284Dersan,Dǝrsanä Gäbrǝʾel,,,,
LIT1285Dersan,Dǝrsanä Gärima,Gädlä Abba Gärima,,,
LIT1286Dersan,Dǝrsanä Gärima,,,,
LIT1287Dersan,Dǝrsanä Giyorgis,,,,
LIT1288Dersan,Dǝrsanä ḥǝmamatihu wämotu,,,,
LIT1289Dersan,Dǝrsanä Iyäsus Moʾa,,,,
LIT1290Dersan,Dǝrsanä kidanä mǝḥrät,,,,
LIT1291Dersan,Dǝrsanä maḥyäwi,,,,
LIT1292Dersan,Dǝrsanä mälaʾǝkt,,,,
LIT1293Dersan,Dǝrsanä Maryam,Dǝrsan bäʾǝntä ǝgzǝʾǝtǝnä Maryam wäbäʾǝntä bet zäḫadärät mǝslä fǝqur wäldä bädäbrä Qusqam;Homily on Mount Qusqām,Theophilos of Alexandria,,
LIT1294Dersan,Dǝrsanä Mäṭaʿ,,,,
LIT1295Dersan,Dǝrsanä Mikaʾel,,,,
LIT1296Dersan,Dǝrsanä Raguʾel,,,,
LIT1297Dersan,Dǝrsanä Rufaʾel,,,,
LIT1298Dersan,Dǝrsanä sänbät,,,,
LIT1299Dersan,Dǝrsanä Sawiros,,Severus of Ašmunayn,,
LIT1300Dersan,Dǝrsanä śǝllase,Zena nägäromu läśǝllase,,,
LIT1301Dersan,Dǝrsanä Ṣǝyon,,,,
LIT1302Dersan,"Dǝrsanä Uraʾel,",,,,
LIT1303Dersan,Dǝrsanä Yared,,,,
LIT1304Dersan,Dǝrsanä Yoḥannǝs mäṭmǝq,,,,
LIT1305Dersan,Dǝrsanu ǝmdǝḫrä sǝddätu,,,,
LIT1306Debleq,Dǝblǝqlǝq,,Ṗawlos Ñoñño,,
LIT1307Dialog,Dialogue on the Soul and Resurrection,,Gregory of Nyssa,,
LIT1308Didach,Didache,,,,
LIT1309Didesq,Didǝsqǝlya,Didaskalia;Constitution of the Apostles,,,
LIT1310dikr,ḏikr,"digri,zikri",,,
LIT1311dikral,ḏikr al-mamālik,,,,
LIT1312dikral,ḏikral-tawārīḫ,,,,
LIT1313Discou,"Discourse of the 318 Fathers on the Trinity, eccl.",,,,
LIT1314Disput,Disputation with Herban the Jew,,,,
LIT1315Dodeka,Dodekapropheton,,,,
LIT1316Dogali,Dogʿali,,Ṣäggaye Gäbrä Mädḫǝn,,
LIT1317dua,duʿāʾ,duwā,,,
LIT1318Dukana,Dukanaan Duuba,,Ḍaaba Wayyeessaa,,
LIT1319Durdur,Durdurii,,Gumi Qormaata Afaan Oromoo,,
LIT1320Eccles,Ecclesiastes,,,,
LIT1321Ecloga,Ecloga,,Justinian,,
LIT1322Ecloga,Ecloga,,Leo III,,
LIT1323eddert,Ǝddǝrtäññočču,,Mammo Wǝddǝnäh,,
LIT1324egziab,Ǝgziʾabǝḥeramlakǝnä ab aḫaze kwǝllu läkä nǝsǝbbǝḥakä läkä nǝwǝddǝsäkä,,,,
LIT1325egziab,Ǝgziʾabǝḥernägśä,[nägś]sǝbḥatihu,,,
LIT1326egziab,Ǝgziʾabǝḥernägśä zäʾarke,Mäzmurä fǝśśuḥan wäṣälotä tǝkkuzan,,,
LIT1327egziab,Ǝgziʾabǝḥerzäbǝrhanat,,,,
LIT1328egziet,Ǝgziʾǝtǝnä Maryam,,,,
LIT1329egziom,Ǝgziʾo mäḥaränä Krǝstos,,,,
LIT1330egziom,Ǝgziʾo mi bäzu,,,,
LIT1331egziot,Ǝgziʾo täśähalännä,,,,
LIT1332EightH,Eight Homilies on the Blessings,,Gregory of Nyssa,,
LIT1333Ekloga,Eklogaì hisoriôn,,,,
LIT1334Elench,Elenchos,,Hippolytus,,
LIT1335Apocal,Apocalypse ofElijah,,,,
LIT1336Vision,Vision of Elijah,Raʾǝyä Elyas,,,
LIT1337endawa,Ǝndäwäṭṭačč qärräčč,,Asäffa Gäbrä Maryam,,
LIT1338ennate,Ǝnnatǝnna lǝǧǧ,,Wǝddalat Gädamu,,
LIT1339EnochA,Enoch Apocryphon [Coptic],,,,
LIT1340EnochE,"Enoch, [Ethiopic] Book of","Mäṣḥafä Henok, 1 Enoch",,,
LIT1341EnochH,"Enoch, [Hebrew] Book of",3 Enoch,,,
LIT1342EnochS,"Enoch, [Slavonic] Book of",2 Enoch,,,
LIT1343enquta,Ǝnqutataš,,Pawlos Ñoñño,,
LIT1344enzira,ʿƎnzira sǝbḥat,Arganonä wǝddase,,,
LIT1345Letter,Letter toEpictus Bishop of Corinthos,,Athanasius,,
LIT1346Epilce,Epilcesis,,,,
LIT1347Epipha,Epiphanius anaphora,,,,
LIT1348Epistl,Epistle 70,,Cyprian of Carthage,,
LIT1349Epistl,Epistle to Carpianus,,,,
LIT1350Epistl,Epistle to Emperor Theodosius,,Theophilos of Alexandria,,
LIT1351Epistl,Epistle:The Book of the Epistle,,,,
LIT1352Epistl,Epistles,,,,
LIT1353Epistu,Epistula ad Marcellinum,,Athanasius,,
LIT1354Epistu,Epistula Apostolorum,,,,
LIT1355Epitom,Epitome of the Apostolical Constitutions,,,,
LIT1356eqaban,ʿƎqäbänni,,,,
LIT1357eqaw,Ǝqaw,,Täsfaye Gässäsä,,
LIT1358eqqubt,ʾƎqqubtäññočču,,Mammo Wǝddǝnäh,,
LIT1359esatwa,Ǝsat wäy abäba,,Ṣäggaye Gäbrä Mädḫǝn,,
LIT1360Esdrae,Esdrae Apocalypsis,,,,
LIT1361Esdras,Esdras Graecus,,,,
LIT1362Esther,"Esther, Book of",,,,
LIT1363Ethnik,Ethniká,,Stephanos of Byzantium,,
LIT1364ewnata,Ǝwnät attǝmotǝm,,Afäwärq Yoḥannǝs,,
LIT1365ewqate,Ǝwqätǝn fǝlläga,,Getǝnnät Ǝnnǝyäw,,
LIT1366Examer,Exameron,,Ambrose,,
LIT1367Exodus,Exodusbook,,,,
LIT1368Expedi,Expeditio Aethiopica,,Mendes,,
LIT1369TheExp,TheExpeditions of Iyasu the Little,,,,
LIT1370Exposi,Exposition of the Symbol of Nicaea,,Theodotos of Ankyra,,
LIT1371Exposi,Exposition of the Ten Commandments,,John Chrysostom,,
LIT1372Exposi,Expositiones in Psalmos,,Athanasius,,
LIT1373Bookof,Book ofEzekiel,,,,
LIT1374Bookof,Book of Ezra and Nehemiah,2 Ezra,,,
LIT1375Apocal,Apocalypse ofEzra on the Kingdom of the Arabs,,,,
LIT1376Apocal,Apocalypse ofEzra,4 Ezra,,,
LIT1377Bookof,Book ofEzra,3 Ezra,,,
LIT1378Epifan,Eṗifanyos,,,,
LIT1379edadab,ʿƎḍä däbdabbe,,,,
LIT1380Fabula,Fabula yäʾawrewočč komediya,,Täklä Ḥawaryat Täklä Maryam,,
LIT1381Fahras,Faḫr as-sūdān ʿalā l-bīḍān,,al-Ǧāḥiẓ,,
LIT1382Fathar,Fatḥ ar-raḥmānī,,Hāšim,,
LIT1383Fathma,Fatḥ madīnat Harar,,Yaḥyā b. Naṣrallāh,,
LIT1384Fekkar,Fǝkkare haymanot,Fǝre haymanot,Giyorgis of Gasǝḉḉa,,
LIT1385Fekkar,Fǝkkare Iyäsus,,,,
LIT1386Fekkar,Fǝkkare mäläkot,,,,
LIT1387Fekkar,Fǝkkare wäzena zä-318 rǝtuʿanä haymanot,,,,
LIT1388Felsat,Fǝlsätomu wäṣäʾatomu läʾabäw Abrǝham wäYǝsḥaq wäYaʿǝqob,,,,
LIT1389Feqere,Fǝqǝr ǝskä mäqabǝr,,Ḥaddis ʿAlämayyähu,,
LIT1390Fereqe,Fǝre qǝddase,,,,
LIT1391Festal,Festal Letters,,Athanasius of Alexandria,,
LIT1392Fetehm,Fǝtǝḥ mäḥari,,,,
LIT1393Fethma,Fǝtḥ mänfäsawi,,,,
LIT1394Fetham,Fǝtḥa mägarǝḥ,Fǝtḥǝš mägarǝš,,,
LIT1395Fethan,Fǝtḥa nägäśt,,,,
LIT1396Fethas,Fǝtḥa śǝgawi,,,,
LIT1397Fethat,Fǝtḥat zäʾab,Absolution of the Father Absolution of St. Basil,,,
LIT1398Fethat,Fǝtḥat zäwäld,Absolution of the Son,,,
LIT1399Filkes,Filkǝsyos,,Philoxenus of Mabbug,,
LIT1400FirstH,First Homily on the Blessings,,,,
LIT1401Fisalg,Fisalgos,Physiologus,,,
LIT1402Fitawr,Fitawrari Bälay,,Ǝmmǝru Ḫaylä Śǝllase,,
LIT1403FungCh,Funǧ Chronicle,,,,
LIT1404Futuha,Futūḥ al-Ḥabaša,,ʿArabfaqīh,,
LIT1405GadlaA,Gädlä Abäkäräzun,,,,
LIT1406Gadlaa,Gädlä abäw qǝddusan,Gännätä mänäkosat Geronticon,,,
LIT1407GadlaA,Gädlä ʿAbiyä Ǝgziʾ,,,,
LIT1408GadlaA,Gädlä Abranyos,,,,
LIT1409GadlaA,Gädlä Abrǝha wä-Aṣbǝḥa,,,,
LIT1410GadlaA,Gädlä Abrǝham(zä-Däbrä Ṣǝyon),,,,
LIT1411GadlaA,Gädlä Abrǝham(zä-Qata),,,,
LIT1412GadlaA,Gädlä Abrǝham,Testament of Abraham,,,
LIT1413GadlaA,Gädlä Absadi,,,,
LIT1414GadlaA,Gädlä Abunafer,,,,
LIT1415GadlaA,Gädlä Addam,Book of Adam and EveConflict of Adam and Eve with Satan;Gädlä Addam wäḤewa; Vita of Adam and Eve,,,
LIT1416GadlaA,Gädlä Adḫani,,,,
LIT1417GadlaA,Gädlä Afṣe,,,,
LIT1418GadlaA,Gädlä Alula,,,,
LIT1419GadlaA,Gädlä Ananya,,,,
LIT1420GadlaA,Gädlä Anorewos,,,,
LIT1421GadlaA,Gädlä Arkälädǝs,,,,
LIT1422GadlaA,Gädlä Aron,Motä Aron,,,
LIT1423GadlaA,Gädlä Aron(zä-Däbrä Daret),,,,
LIT1424GadlaA,Gädlä Awsabyos,,,,
LIT1425GadlaA,Gädlä Azqir,,,,
LIT1426GadlaB,Gädlä Bäkimos,,,,
LIT1427GadlaB,Gädlä Bärtälomewos,,,,
LIT1428GadlaB,Gädlä Bäṣälotä Mikaʾel,,,,
LIT1429GadlaB,Gädlä Bäträ Maryam,,,,
LIT1430GadlaB,Gädlä Bǝḍuʿa Amlak,,,,
LIT1431GadlaB,Gädlä Buruk Amlak,,,,
LIT1432GadlaD,Gädlä Danǝʾel (zä-Däbrä Maryam),,,,
LIT1433GadlaD,Gadla Dǝmyanos,,,,
LIT1434Gadlae,Gädlä Ǝḫǝtä Krǝstos,,,,
LIT1435GadlaE,Gadla Elyas Gädamawi,,,,
LIT1436Gadlae,Gädlä ʿƎnbaqom,,,,
LIT1437Gadlae,Gädlä Ǝsṭifanos,,,,
LIT1438GadlaE,Gädlä Ewosṭatewos,,,,
LIT1439Gadlae,Gädlä ʿƎzra(zä-Gundä Gunde),,,,
LIT1440Gadlae,Gädlä ǝḉḉäge Yoḥannǝs,,,,
LIT1441GadlaF,Gädlä Fasilädäs,,,,
LIT1442GadlaF,Gädlä Fǝqǝrtä Krǝstos,,,,
LIT1443GadlaF,Gädlä Fǝre Mikaʾel,,,,
LIT1444GadlaF,Gädlä Filǝṗṗos (zä-Däbrä Bizän),,,,
LIT1445GadlaF,Gädlä Filǝṗṗos (zä-Däbrä Libanos),,,,
LIT1446GadlaF,Gädlä Filmona,,,,
LIT1447GadlaF,Gädlä Fiqṭor,,,,
LIT1448GadlaG,Gädlä Gäbrä Ǝndrǝyas,,,,
LIT1449GadlaG,Gädlä Gäbrä Iyäsus,,,,
LIT1450GadlaG,Gädlä Gäbrä Krǝstos,Vita of St. Alexis,,,
LIT1451GadlaG,Gädlä Gäbrä Mänfäs Qǝddus,,,,
LIT1452GadlaG,Gädlä Gäbrä Mäśiḥ,,,,
LIT1453GadlaG,Gadlä Gäbrä Mäsqäl,,,,
LIT1454GadlaG,Gädlä Gäbrä Mikaʾel(Qwǝraro),,,,
LIT1455GadlaG,Gädlä Giyorgis (Lydda),,,,
LIT1456GadlaG,Gädlä Giyorgis (Sägla),,,,
LIT1457GadlaG,Gädlä Giyorgis Ḥaddis,,,,
LIT1458GadlaG,Gädlä Guba,,,,
LIT1459GadlaH,Gädlä Habtä Maryam,,,,
LIT1460Gadlah,Gädlä Ḥanna,Life of Hannah,,,
LIT1461Gadlah,Gädlä ḥawaryat,,,,
LIT1462GadlaH,Gädlä Heroda,,,,
LIT1463Gadlah,Gädlä Ḥǝṣan Moʾa,,,,
LIT1464Gadlah,Gädlä Ḫirut,,,,
LIT1465GadlaI,Gädlä Isayǝyyas,,,,
LIT1466GadlaI,Gädlä Iyasu zä-Ǧär Śǝllase,,,,
LIT1467GadlaI,Gädlä Iyäsus Moʾa,,,,
LIT1468GadlaK,Gädlä Kiros,,,,
LIT1469GadlaK,Gädlä Krǝstos Śämra,,,,
LIT1470GadlaL,Gädlä Lalibäla,,,,
LIT1471GadlaL,Gädlä Latṣun,,,,
LIT1472GadlaL,Gädlä Lǝbdǝyos,,,,
LIT1473GadlaL,Gädlä Libanos,,,,
LIT1474GadlaL,Gädlä Liqanos,,,,
LIT1475GadlaM,Gädlä Mäbaʾa Ṣǝyon,,,,
LIT1476GadlaM,Gadla Mädḫaninä Ǝgziʾ,,,,
LIT1477GadlaM,Gädlä Märḥa (Yǝmrǝḥanna Krǝstos),,,,
LIT1478GadlaM,Gädlä Märqorewos,,,,
LIT1479GadlaM,Gädlä Märqorewos(Däbrä Dǝmaḥ),,,,
LIT1480GadlaM,GädläMäsqäl Bezanä,,,,
LIT1481GadlaM,Gädlä Mäsqäl Kǝbra,,,,
LIT1482GadlaM,Gädlä Matyas,,,,
LIT1483GadlaM,Gädlä Muse,,,,
LIT1484GadlaN,Gädlä Näʾakkwǝto Läʾab,,,,
LIT1485GadlaO,Gädlä ʿOṣ,,,,
LIT1486GadlaQ,Gädlä Qäwǝsṭos,,,,
LIT1487Gadlaq,Gädlä qǝddusan,Gädlä abäw qǝddusan,,,
LIT1488GadlaQ,Gädlä Qirqos,,,,
LIT1489Gadlas,Gädlä Ṣadǝqan zäBaräknaha,,,,
LIT1490Gadlas,Gädlä ṣadǝqan zä-Bur,,,,
LIT1491Gadlas,Gädlä ṣadǝqan zä-Ṗäraqliṭos,,,,
LIT1492GadlaS,Gädlä Sälama Käśate Bǝrhan,,,,
LIT1493Gadlas,Gädlä sämaʿǝtat,Acts of Saints and Martyrs,,,
LIT1494Gadlas,Gädlä Śämrä Krǝstos,,,,
LIT1495GadlaS,Gädlä Samuʾel(Däbrä Halleluya),,,,
LIT1496GadlaS,Gädlä Samuʾel(Däbrä Wägäg),,,,
LIT1497GadlaS,Gädlä Samuʾel(Waldǝbba),,,,
LIT1498Gadlas,Gädlä Śärḍä Ṗeṭros,,,,
LIT1499GadlaS,Gädlä Sǝbǝstyanos,,,,
LIT1500Gadlas,Gädlä Ṣǝḥma,,,,
LIT1501GadlaS,Gädlä Sinoda (Besa),,,,
LIT1502GadlaS,Gädlä Sinoda (Däbrä Sǝmmuna),,,,
LIT1503GadlaT,Gädlä Tadewos(Däbrä Bartarwa),,,,
LIT1504GadlaT,Gädlä Tadewos(Däbrä Maryam),,,,
LIT1505GadlaT,Gädlä Täklä Alfa,,,,
LIT1506GadlaT,Gädlä Täklä Ḥawaryat,,,,
LIT1507GadlaT,Gädlä Täklä Haymanot,,,,
LIT1508GadlaT,Gädlä Täwäldä Mädḫǝn,,,,
LIT1509GadlaW,Gädlä Wälättä Ṗeṭros,,,,
LIT1510GadlaY,Gädlä Yaʿǝqob,,,,
LIT1511GadlaY,Gädlä Yafqǝrännä Ǝgziʾ,,,,
LIT1512GadlaY,Gädlä Yared,,,,
LIT1513GadlaY,Gädlä Yasay,,,,
LIT1514GadlaY,Gädlä Yǝkunno Amlak,,,,
LIT1515GadlaY,Gädlä Yǝmʾata,,,,
LIT1516GadlaY,Gädlä Yǝmraḥannä Krǝstos,,,,
LIT1517GadlaY,Gädlä Yǝsḥaq,,,,
LIT1518GadlaY,Gädlä Yǝtbaräk,,,,
LIT1519GadlaY,Gädlä Yoḥannǝs Mǝśraqawi,,,,
LIT1520GadlaY,Gädlä Yoḥannǝs zädäbrä Bizän,,,,
LIT1521GadlaY,Gädlä Yoḥanni(Däbrä ʿAśa),,,,
LIT1522GadlaY,Gädlä Yonas(Bur),,,,
LIT1523GadlaY,Gädlä Yosef,,,,
LIT1524GadlaY,Gädlä Yosṭinos,,,,
LIT1525GadlaZ,Gädlä Zäkaryas(Gälila),,,,
LIT1526GadlaZ,Gädlä Zämikaʾel Arägawi,,,,
LIT1527GadlaZ,Gadla Zärʾa Abrǝham,,,,
LIT1528GadlaZ,Gadla Zärʾa Buruk,,,,
LIT1529GadlaZ,Gädlä Zäyoḥannǝs,,,,
LIT1530GadlaZ,Gädlä Zena Marqos,,,,
LIT1531GadlaZ,Gädlä Zena Maryam,,,,
LIT1532GadlaP,Gädlä Ṗänṭälewon,,,,
LIT1533gadwal,Ǧadwal aš-Šāš waš-Šāmī,,Aḥmad aš-Šāmī,,
LIT1534Galata,Galata Waaqayyo Gooftaa Maḉḉaa,,Onesimos,,
LIT1535galqab,Ǧalqaba barsiisaa,Jalqaba Barsiisaa,Aster Gannoo – Onesimos Näsib,,
LIT1536Galtan,Gälṭän bǝnnayäw,,Beka Nämo,,
LIT1537Gamali,"Gamaliel, Gospel of",,,,
LIT1538gamial,Ǧāmiʿal-bayān ʿan taʾwīl āy al-Qurʿān,,aṭ-Ṭabarī,,
LIT1539Gannat,Gännät,,Cyril of Alexandria,,
LIT1540Gannat,Gännätä mänäkosat,,,,
LIT1541Garaan,Garaani Namaa Mana Waaqayyoo Yookis Bultii Seeṭanaa,,Onesimos,,
LIT1542Garaan,Garaani Namaa Mana Waaqayyoo Yookis Bultii Seetanaa,,,,
LIT1543gapane,Ǧaṗan ǝndämǝn säläṭṭänäčč,,Käbbädä Mikaʾel,,
LIT1544Gebrah,Gǝbrä ḥǝmamat,Mäṣḥafä gǝbrä ḥǝmamatHours/Lectionary of the Holy Week,,,
LIT1545Gedayg,Gǝday gǝday aläññ,,,,
LIT1546Genesi,Genesis,,,,
LIT1547Gerumb,Gǝrum bäwǝstä dämänat wälǝʿul ǝmsämayat ǝgziʾabǝḥer,,,,
LIT1548Gessaw,Gǝṣṣawe śǝʿrat,,,,
LIT1549Gessaw,Gǝṣṣawe zäzzäwätr,,,,
LIT1550Gize,Gize,,Mulu Sälomon,,
LIT1551Glaphy,Glaphyra,,Cyril of Alexandria,,
LIT1552Godaan,Godaannisa,,Ḍaaba Wayyeessaa,,
LIT1553Gohase,Goha Ṣǝbah,,Ḫǝruy Wäldä Śǝllase,,
LIT1554Gondar,Gondäre bägaššaw,,Gärima Taffärä,,
LIT1555Gondar,Gondärew Gäbrä Maryam,,Gärima Taffärä,,
LIT1556Gorgor,Gorgoryos ǝḫwä Basǝlyos,,,,
LIT1557Apocal,Apocalypse ofGorgoryos,Raʾǝyä Gorgoryos,,,
LIT1558Gospel,Gospel of Matthew,,,,
LIT1559Gospel,Gospel of Pseudo-Matthew,,,,
LIT1560Gospel,Gospels,Four Gospels; Qǝddus Wängel,,,
LIT1561Gungun,Gungun,,Ḫaylämäläkot Mäwaʾǝl,,
LIT1562Gwabaz,Gwäbäz ayyän,,Yoftaḥe Nǝguśe,,
LIT1563Gwadee,"Gwade, ǝngǝdih amäčǝh näññ",,Mähammäd Usman,,
LIT1564Gwasal,Gwäśʿa lǝbbǝyä qalä śännayä,,,,
LIT1565Hahuba,Ha hu bäsǝddǝst wär,,Ṣäggaye Gäbrä Mädḫǝn,,
LIT1566hababa,Ḫaba baräku Ananya wäʾAzarya wämisaʾel läʾǝgziʾabǝḥer,,,,
LIT1567Bookof,Book of Habakkuk,Prayer Song,,,
LIT1568Legend,Legend ofHabakkuk,,,,
LIT1569habeka,Ḫabekä ǝgziʾo amlakä amalǝkt wäʾǝgziʾa agaʾǝzt,,Cyril,,
LIT1570habeka,Ḫabekä ǝgziʾo anqaʿǝdonä aʿǝyyǝntäna,,Cyril,,
LIT1571HabesS,Habeş Seyahatnamesi,,Ṣādiq al-Muʾayyad al-ʿAẓm,,
LIT1572Hadaiq,Hadāʾiq ar-rūḥ war-rayḥān fī rawā򰄫bī ʿulūm al-Qurʾān,,Muḥammad al-Amīn,,
LIT1573haddis,Ḥaddis,,Bäʿalu Gǝrma,,
LIT1574Hadhir,Haḍir al-Habaḍa wamustaqbaluhā,,Tadrūs Ramzī,,
LIT1575haggum,Ḥāǧǧ ʿumran zǝyaran ab tǝḥti ṣǝlal kitaben sunnan,,Ǧamāl Ibrāhīm Ṣālīh,,
LIT1576Hahuwa,Hahu wäym Päpu,,Ṣäggaye Gäbrä Mädḫǝn,,
LIT1577halley,Ḫallǝyu zäntä bäʾalbabikǝmu mǝnt wǝʾǝtu nǝdet,,Gregory,,
LIT1578hamara,Ḥamärä näfs,,,,
LIT1579hassir,Ḥaṣṣir mäṣḥaf nǝbab bǝtǝgrǝñña - arbǝʿan arbaʿtän zanta,,Yǝsḥaq Täwäldä Mädḫǝn,,
LIT1580hasura,Ḥaṣurä mäsqäl,,,,
LIT1581hatata,Ḥatäta Zärʾa Yaʿǝqob,,,,
LIT1582haylom,Ḫaylom wäddi Asmära,,Yǝsḥaq Yosef,,
LIT1583Hayman,Haymanot mäsiḥawit,,,,
LIT1584Hayman,Haymanot rǝtǝʿǝt,,,,
LIT1585Hayman,Haymanotä abäw,,,,
LIT1586Hayman,Haymanotä abäw,The Faith of the Fathers,,,
LIT1587Hayman,Haymanotä abäw ḥawaryat,,,,
LIT1588Hayman,Haymanotä abäw qäddämt,,,,
LIT1589Heaven,Heavenly Ladder,,Climacus,,
LIT1590heggna,Ḥǝgg nay Läggon Ḉǝwan,,,,
LIT1591heggiH,Ḥǝggi Hab Śǝllus Gärä Ḵǝstos,Ḥǝggi Habśǝllus,,,
LIT1592heggiL,Ḥǝggi Läggo Särda,,,,
LIT1593heggiS,Ḥǝggi Säḥartǝn Lamzan Waärtǝn Damban,,,,
LIT1594Shephe,Shepherd ofHermas,,Hermas,,
LIT1595Hexaem,Hexaemeron of Basil,,,,
LIT1596heywat,Ḥǝywätǝnna yäʾityoṗya ǝrmǝǧǧa,,,,
LIT1597Bookof,Book of theḤimyarites,,,,
LIT1598hisnal,Ḥiṣn al-muslim,Ḥiṣnul muslim,,,
LIT1599Histor,History of NūrMuǧāhid,,,,
LIT1600Histor,History of the Captivity of the Israelites in Babylon,,,,
LIT1601Histor,History of the Councils,,Sawīros,,
LIT1602Histor,History of the Patriarchs of Alexandria,,,,
LIT1603Histor,History of the People of Ethiopia,,Tayyä Gäbrä Maryam,,
LIT1604Histor,History of the Persian Kings,,aṯ-Ṯaʿālibī,,
LIT1605Histor,History of the Rechabites,,,,
LIT1606Histor,History of the Translation of the Body of Täklä Haymanot,,,,
LIT1607Histor,History of the Wood on which Christ was Crucified,,Severos of Ašmunayn,,
LIT1608hoheta,Ḫoḫǝtä bǝrhan,,Giyorgis of Sägla,,
LIT1609Homili,Homilia Aethiopica de nativitate Domini nostri Jesu Christi,,,,
LIT1610Homili,Homiliae,,Clement,,
LIT1611Homili,Homiliary for Lent,,,,
LIT1612Homily,Homily in Honour of Frumentius,,,,
LIT1613Homily,Homily for Burials,,John Chrysostom,,
LIT1614Homily,Homily for Good Friday,,Athanasius,,
LIT1615Homily,Homily for Lenten Fast,,Theophilos of Alexandria,,
LIT1616Homily,Homily for the Commemoration of the Egyptian Martyr Menas,,,,
LIT1617Homily,Homily for the Feast of the Cross,,Jacob of Serug,,
LIT1618Homily,Homily for the Third Sunday in Lent,,Jacob of Serug,,
LIT1619Homily,Homily in Honour of Saint John the Evangelist,,Zärʾa Yaʿǝqob,,
LIT1620Homily,Homily of the 24 Priests,,Severos of Ašmunayn,,
LIT1621Homily,Homily on Abraham for Good Friday,,Jacob of Serug,,
LIT1622Homily,Homily on Archangel Michael,,Timothy,,
LIT1623Homily,Homily on John the Baptist,,John Chrysostom,,
LIT1624Homily,Homily on Mary,,Basil,,
LIT1625Homily,Homily on Mary,,Jacob of Serug,,
LIT1626Homily,Homily on Mary and Joseph,,Jacob of Serug,,
LIT1627Homily,Homily on Mary and Zion,,,,
LIT1628Homily,Homily on Pachomius,,Athanasius,,
LIT1629Homily,Homily on Priests and Deacons who have Fallen Asleep,,Jacob of Serug,,
LIT1630Homily,Homily on Simeon the Priest,,Jacob of Serug,,
LIT1631Homily,Homily on the Angel and the Thief,,Jacob of Serug,,
LIT1632Homily,"Homily on the Angels, God and Faith",,Basil,,
LIT1633Homily,Homily on the Annunciation to the Virgin Mary,,Jacob of Serug,,
LIT1634Homily,Homily on the Annunciation to Zacharias,,Jacob of Serug,,
LIT1635Homily,Homily on the Apostle Thomas,,Jacob of Serug,,
LIT1636Homily,Homily on the Archangel Michael,,Severos of Antioch,,
LIT1637Homily,Homily on the Archangel Michael,,Timothy,,
LIT1638Homily,Homily on the Assumption of Mary,Dǝrsanä fǝlsäta,Cyriacus,,
LIT1639Homily,Homily on the Assumption of Mary,Dǝrsanä fǝlsäta,Cyril,,
LIT1640Homily,Homily on the Assumption of Mary,Dǝrsanä fǝlsäta,Rǝtuʿa Haymanot,,
LIT1641Homily,Homily on the Banishment of John Chrysostom,,Yoḥannǝs,,
LIT1642Homily,Homily on the Canaanite Woman,,Jacob of Serug,,
LIT1643Homily,Homily on the Church of the Rock,,Timothy,,
LIT1644Homily,Homily on the Deceased,,Sälama,,
LIT1645Homily,Homily on the Departure of the Soul,,Theophilos of Alexandria,,
LIT1646Homily,Homily on the Dormition and the Assumption,,Minas,,
LIT1647Homily,Homily on the Dormition of Mary,Dǝrsanä ǝräfta,Theodosius,,
LIT1648Homily,Homily on the Dormition of Mary,Dǝrsanä ǝräfta,Yoḥannǝs,,
LIT1649Homily,Homily on the Faith and Trinity,,Basil,,
LIT1650Homily,Homily on the Finding of the Cross,,,,
LIT1651Homily,Homily on the Four Living Creatures,,,,
LIT1652Homily,Homily on the Glory of Our Lady Mary,,John Chrysostom,,
LIT1653Homily,Homily on the House in which the Holy Virgin lived on Mount Qusqām,,Theophilos of Alexandria,,
LIT1654Homily,Homily on the Icon of Mary,,Cyril,,
LIT1655Homily,Homily on the Letter to Cledonius,,,,
LIT1656Homily,Homily on the Martyrdom of Askänafǝr,,,,
LIT1657Homily,Homily on the MysticSupper,,Theophilos of Alexandria,,
LIT1658Homily,Homily on the Nativity of John the Baptist,,,,
LIT1659Homily,Homily on the Nativity of Mary,,,,
LIT1660Homily,Homily on the Passion of Our Lord,,Ephrem,,
LIT1661Homily,Homily on the Presentation of Jesus,,Cyril,,
LIT1662Homily,Homily on the Resurrection of the Lord,,Cyril,,
LIT1663Homily,Homily on the Salvatory Passion,,Jacob of Serug,,
LIT1664Homily,Homily on the three youths in the fiery furnace,,Theophilos of Alexandria,,
LIT1665Homily,Homily on the Virgin Mary for the Rainy Season,,Severos of Antioch,,
LIT1666Homily,Homily on the Vision of Joseph,,Jacob of Serug,,
LIT1667Homily,Homily on the Visit of Mary to Elisabeth,,Jacob of Serug,,
LIT1668hududa,Ḥudūd al-ʿālam,,,,
LIT1669Hulatt,Hulätt yäʿǝnba däbdabbewočč,,Bǝrhanu Zäryǝhun,,
LIT1670huratu,Ḥurätu läʾǝskǝndǝr,,,,
LIT1671Isaiah,"Isaiah, Ascension of",,,,
LIT1672Isaiah,"Isaiah, Book of",,,,
LIT1673Islamw,Islām wa-l-Ḥabaša,,Yūsuf Aḥmad,,
LIT1674Itiraf,Iʿtirāf al-abāʾ,,,,
LIT1675Itqanf,Itqān fī ʿulūm al-Qurʾān,,as-Suyūṭī,,
LIT1676Ityopy,Ityoṗya mǝn ʿaynätastädadǝr yasfällǝgatal,,Ḥaddis ʿAlämayyähu,,
LIT1677Ityopy,"Ityoṗyanna Mätämma, yäʾaṣe Yoḥannǝs tarik bäʾaḉḉǝru",,Ḫǝruy Wäldä Śǝllase,,
LIT1678Ityuby,Iṯyūbyā fī ʿahd Hayla Silāsī l-awwal,,ʿAbdarraḥmān al-Huṣṣ,,
LIT1679Chroni,Chronicle ofJacob of Edessa,,Jacob of Edessa,,
LIT1680Martyr,Martyrdom ofJames brother of Lord,,,,
LIT1681Bookof,Book ofJames,,,,
LIT1682Epistl,Epistle ofJames,,,,
LIT1683Gospel,Gospel of James,Protoevangelium Jacobi,,,
LIT1684Martyr,Martyrdom ofJames,,,,
LIT1685Bookof,Book of Jeremiah,,,,
LIT1686Epistl,Epistle of Jeremiah,6 Baruch,,,
LIT1687Legend,Legend ofJeremiah,Life of Jeremiah,,,
LIT1688Bookof,Book ofJob,,,,
LIT1689Bookof,Book ofJoel,,,,
LIT1690Actsof,Acts ofJohn,,,,
LIT1691Apocry,Apocryphal Gospel ofJohn,,,,
LIT1692Epistl,Epistles ofJohn,,,,
LIT1693Gospel,Gospel ofJohn,,,,
LIT1694Bookof,BookofJonah,,,,
LIT1695Songof,Song of Jonah,Prayer ofJonah,,,
LIT1696Bookof,Book ofJoshua,,,,
LIT1697Bookof,Book ofJubilees,Mäṣḥafä kufale,,,
LIT1698Epistl,Epistle of Jude,,,,
LIT1699Judean,Judean Antiquities,,,,
LIT1700Bookof,Book ofJudges,,,,
LIT1701Bookof,Book ofJudith,,,,
LIT1702Kabara,Kabara Afraqa,,Ṣäggaye Gäbrä Mädḫǝn,,
LIT1703Kadmas,Kadmas baššagär,,Bäʿalu Gǝrma,,
LIT1704Kaleb,Kaleb,ʿAḍe Kaleb,Käbbädä Mikaʾel,,
LIT1705Kalila,Kalīla wa-Dimna,,,,
LIT1706Kayeqe,Käyǝqǝrta bälay,,Käbbädä Mikaʾel,,
LIT1707Kebrah,Kǝbrä haymanot,,Severos of Ašmunayn,,
LIT1708Kebral,Kǝbrä lǝdät,,Yared Gäbrä Mikaʾel,,
LIT1709Kebran,Kǝbrä nägäśt,,,,
LIT1710Keftat,Kǝftät,,Däbbäbä Säyfu,,
LIT1711Kehdat,Kǝḥdatä säyṭan,,,,
LIT1712Kelett,Kǝlǝttä ǝnä ab dǝfaʿat,,ʿAlämsäggäd Täsfay,,
LIT1713Kerars,Kǝrar sikärr,,Ṣägayye Gäbrä Mädḫǝn,,
LIT1714Kestat,Kǝśtätäaryam,,,,
LIT1715KetabQ,Kǝtab Qǝddus,,,,
LIT1716Kidanz,Kidan zänägh,,,,
LIT1717Kidanz,Kidan zäsärk,,,,
LIT1718Kidana,Kidanä mǝḥrät,,,,
LIT1719Bookso,Books of Kings,Kgs,,,
LIT1720Kitaba,Kitāb ad-daḫāʾirwa t-tuḥat,,ar-Rašīd az-zubayr,,
LIT1721Kitaba,Kitāb al-maǧāll,,,,
LIT1722Kitaba,Kitāb al- maǧāmiʿ,,Sawīrus b. al-Muqaffaʿ,,
LIT1723Kitaba,Kitāb al-Aġānī,,Abū l-Faraǧ al-Iṣfahānī,,
LIT1724Kitaba,Kitāb al-bustān wa-qāʿidat al-ḥukamāʾ wa-šams al-ādāb,,,,
LIT1725Kitaba,Kitāb al-faqar,,ʿUmar ʿAbdōš,,
LIT1726Kitaba,Kitāb al-farāʾiḍ,,,,
LIT1727Kitaba,Kitāb al-fihrist,,Ibn an-Nadīm,,
LIT1728Kitaba,Kitāb al-ʿIbar,,Ibn Ḫaldūn,,
LIT1729Kitaba,Kitāb al-īḍāḥ,,Severos of Ašmunayn,,
LIT1730Kitaba,Kitāb al-Ilmām bi-aḫbār man bi-arḍ al-Ḥabaša min mulūk al-Islām,,al-Maqrīzī,,
LIT1731Kitaba,Kitāb al-Libās,,,,
LIT1732Kitaba,Kitāb al-maġāzī,,al-Wāqidī,,
LIT1733Kitaba,Kitāb al-masālik wa-l-mamālik,,Ibn Ḥawqal,,
LIT1734Kitaba,Kitāb al-masālik wa-l-mamālik,,Iṣṭaḫrī,,
LIT1735Kitaba,Kitāb al-mawāʿiẓ wa-l-iʿtibār fī ḏikr al-ḫiṭaṭ wal-āṯār,Ḫiṭaṭ,al-Maqrīzī,,
LIT1736Kitaba,Kitāb al-muhaḏḏab,,aš-Šīrāzī,,
LIT1737Kitaba,Kitāb al-Muḥkam wal-muḥīt al-aʿẓam fī l-luġa,,Ibn Sīda,,
LIT1738Kitaba,Kitāb al-ʿunwān,,Agapius of Manbiǧ,,
LIT1739Kitaba,Kitāb al-zunūǧ,,,,
LIT1740Kitaba,Kitāb an-naṣīḥatayn li-salāmat ad-dārayn,,Ḥāmid b. Ṣiddīq al-Hararī,,
LIT1741Kitaba,Kitāb as-Sulūk li maʿrifat duwal al-mulūk,,al-Maqrīzī,,
LIT1742Kitaba,Kitāb at-tawārīḫ,,Ibn ar-Rāhib,,
LIT1743Kitaba,Kitāb aṭ-ṭibb ar-rūḥanī,,,,
LIT1744KitabB,Kitāb Bilawhar wa-Būdāsaf,,,,
LIT1745KitabR,Kitāb Ruǧar,,al-Idrīsī,,
LIT1746Kitabs,Kitāb ṣūrat al-arḍ,,Ibn Ḥawqal,,
LIT1747Klewop,Klewopatranna Markantwan,,Afäwärq Gäbrä Iyäsus,,
LIT1748Kresto,Krǝstosǝn sǝlä mämsäl,,De imitatione Christi,,
LIT1749Kresty,Krǝstyanǝnnätǝnna sošalizǝm,,Abbe Gubäñña,,
LIT1750LahaMa,Laḥa Maryam,Laḥa Dǝngǝl,,,
LIT1751Lamena,Lämǝn alsällämhum,,ʿAlämayyähu Mogäs,,
LIT1752Lamenm,Lämǝn motä bilu,,Däbbäbä Säyfu,,
LIT1753Lament,Lamentations,Lam,,,
LIT1754Lampin,"Lamp in the Darkness, The",,"Šams ar-Riʾāsa, Abū l-Barakāt b. Kabar",,
LIT1755Larasy,Läras yätäṣafä däbdabbe,,Däbbäbä Säyfu,,
LIT1756Lebbwa,Lǝbb wälläd tarik,,Afäwärq Gäbrä Iyäsus,,
LIT1757Ledatu,Lǝdätu lähenok,,,,
LIT1758Lefafa,Lǝfafä ṣǝdǝq,,,,
LIT1759Legend,Legend of Abgar,,,,
LIT1760Legend,Legend of Abgar,,,,
LIT1761Legend,Legend of Habakkuk,,,,
LIT1762Legend,Legend of Jeremiah,,,,
LIT1763Legend,Legend of St. Susǝnyos and Wǝrzǝlya,,,,
LIT1764Legend,Legend of the Finding of the Cross,,,,
LIT1765Legend,Legend of the Wood of the Cross,,,,
LIT1766Legend,Legenda aurea,,Varazze,,
LIT1767Legenn,Lǝǧǝnnät,,Sälomon Däressa,,
LIT1768Legenn,Lǝǧǝnnät tämällǝso aymäṭam,,Bäʾǝmnät Gäbrä Amlak,,
LIT1769LegesH,Leges Homeritarum,,,,
LIT1770Lessan,Lǝssanä säbʾ,Ṣälot bäʾǝntä kwǝllomu lǝssanat; Mälkǝʾa lǝssan,,,
LIT1771Lessan,Lǝssanä Yaʿǝqob,,,,
LIT1772Letter,Letter of Cyriacus,,Cyriacus,,
LIT1773Letter,Letter of Peter to Clement,,Peter,,
LIT1774Letter,Letter of Prester John,,,,
LIT1775Letter,Letter of Simeon of Bêṯ Aršâm,First Letter of Simeon on Bar Sauma and the Heresy of the Nestorians,Simeon of Bêṯ Aršâm,,
LIT1776Letter,Letter of Simeon of Bêṯ Aršâm,Second Letter of Simeon,Simeon of Bêṯ Aršâm,,
LIT1777Letter,Letter on the Appearance of the Cross,,Cyril of Jerusalem,,
LIT1778Letter,Letter to Amphilochus,,,,
LIT1779Letter,Letter to Cledonius,,Gregory of Nazianzos,,
LIT1780Letter,Letter to Epictetus Bishop of Corinthos,,Athanasius,,
LIT1781Letter,Letter to John II,,Severus,,
LIT1782Letter,Letter to the Alexandrians,,Theodosios of Alexandria,,
LIT1783Letter,Letter to the Armenians,,Theodosios of Alexandria,,
LIT1784Letter,Letter to the Egyptian monks,,Cyril of Alexandria,,
LIT1785Letter,Letter to the People of Alexandria,,Timothy,,
LIT1786Letter,Letter to the People of Constantinople,,Timothy,,
LIT1787Letter,Letter to Theodosius of Alexandria,,Severus,,
LIT1788Letter,Letters,,Jerome,,
LIT1789Letter,Letters Concerning the Death of Children,,Timothy,,
LIT1790Letter,Letters of Bädran,,,,
LIT1791Letter,Letters of Captivity,,,,
LIT1792Letuma,Letum aynägallǝññ,,Sǝbḥat Gäbrä Ǝgziʾabǝḥer,,
LIT1793Leviti,Leviticus,,,,
LIT1794Liberg,Liber gentium,,,,
LIT1795Lifeof,Life of Aesop,,,,
LIT1796Lifeof,Life of Askänafer,,,,
LIT1797Lifeof,Life of Athanasios of Klysma,,,,
LIT1798Lifeof,Life of Constantine,,Eusebios,,
LIT1799Lifeof,Life of John the Baptist,,,,
LIT1800Lifeof,Life of Joseph,,Ḫaylä Maryam Śärabyon,,
LIT1801Lifeof,Life of Macrina,,Gregory of Nyssa,,
LIT1802Lifeof,Life of Moses,,Gregory of Nyssa,,
LIT1803Lifeof,"Life of Paul, the First Hermit",,Athanasius,,
LIT1804Lifeof,Life of Severus,,Athanasius,,
LIT1805Lifeof,Life of St. Hilaria,,Bamwa,,
LIT1806Litonz,Liṭon zäʾaryam,Liṭon zäliqawǝnt,,,
LIT1807Litonz,Liṭon zänägh …,,,,
LIT1808Litonz,Liṭon zäśärk,,,,
LIT1809Liturg,Liturgy of St. John Chrysostom,,,,
LIT1810Liveso,Lives of Eastern Saints,,John of Ephesus,,
LIT1811Liveso,Lives of the Prophets [and the Tribes of the Origin],Vitae Prophetarum,,,
LIT1812Gospel,Gospel ofLuke,Lk,,,
LIT1813Martyr,Martyrdom ofLuke,,,,
LIT1814Maalim,Maʿālim al-Hiǧratayn ilā arḍ al-Ḥabaša,,ʿAlī š-Šayḫ Aḥmad Abū Bakr,,
LIT1815MaanaF,Maana-Faay,,Maxamed Daahi Afray,,
LIT1816Maazaq,Mäʿazä qǝddase … läsǝmki Maryam,,,,
LIT1817Maazaq,Mäʿazä qǝddase wǝkuf,,,,
LIT1818Mabata,Mäbaʾta qwǝṣri bǝtǝgrǝñña,,Yǝsḥaq Täwäldä Mädḫǝn,,
LIT1819Maccab,"Maccabees, Book of(Ethiopic)",,,,
LIT1820Maccab,"Maccabees, Book of",,,,
LIT1821Madhal,Madḫal al-waǧīz fī sṭilāhāt as-sāda al-Malīkīya,,Ibrāhīm al-Muḫtār,,
LIT1822Madlot,Mädlotä amin,,Admasu Ǧämbäre,,
LIT1823Maebal,Maʾǝbäl,,Bǝrhanu Zäryǝhun,,
LIT1824Mafteh,Mäftǝḥe śǝray,,,,
LIT1825Magmua,Maǧmūʿ al-awrād al-kabīr,,Muḥammad ʿUṯmān al-Mīrġanī,,
LIT1826Magmua,Maǧmūʿal-qawānīn,,,,
LIT1827Magnif,Magnificat,,,,
LIT1828Mahale,Mäḥalǝyä näbiyat,,,,
LIT1829Mahara,Mäḥarännä ab,,,,
LIT1830Mahbar,Maḫbärä mälaʾǝkt wäsäbʾ,,,,
LIT1831Mahbar,Maḫbärä mǝʾǝmänan,,,,
LIT1832Mahbar,Maḫbärtäññočču,,Mammo Wǝddǝnäh,,
LIT1833Mahdar,Maḫdärä bǝrhan hagärä Ǧapan,,Ḫǝruy Wäldä Śǝllase,,
LIT1834Mahlet,Maḫletä ṣǝge,,,,
LIT1835Mahlet,Maḫletä śǝllase,,,,
LIT1836Mahtam,Maḫtämä Sälomon,,,,
LIT1837Makkab,Makkabees,,,,
LIT1838Malaka,Mälʾakä Zäʾiyäsus,,,,
LIT1839Malkam,Mälkam betäsäbočč,,Mäkwännǝn Ǝndalkaččäw,,
LIT1840Malkea,Mälkǝʾa abunä Täklä Haymanot,,,,
LIT1841Malkea,Mälkǝʾa Amanuʾel,,,,
LIT1842Malkea,Mälkǝʾa anqäṣä bǝrhan,,,,
LIT1843Malkea,Mälkǝʾa bäʾata,,,,
LIT1844Malkea,Mälkǝʾa betä krǝstiyan,,,,
LIT1845Malkea,Mälkǝʾa Edom,,,,
LIT1846Malkea,Mälkǝʾa Ǝgziʾabǝḥer ab,,,,
LIT1847Malkea,Mälkǝʾa Fanuʾel,,,,
LIT1848Malkea,Mälkǝʾa fǝlsäta,,,,
LIT1849Malkea,Mälkǝʾa Gäbrǝʾel,,,,
LIT1850Malkea,Mälkǝʾa gubaʾe,Gubaʾe mälkǝʾ,,,
LIT1851Malkea,Mälkǝʾa ḥǝmamatä mäsqäl,,,,
LIT1852Malkea,Mälkǝʿa Ityoṗya,,ʿAlämayyähu Mogäs,,
LIT1853Malkea,Mälkǝʾa Iyäsus,,,,
LIT1854Malkea,Mälkǝʾa kidanä mǝḥrät,,,,
LIT1855Malkea,Mälkǝʾa kidanä mǝḥrät,,,,
LIT1856Malkea,Mälkǝʾa lǝdäta,,,,
LIT1857Malkea,Mälkǝʾa Maryam Ṣǝyon,,,,
LIT1858Malkea,Mälkǝʾa Maryam,,,,
LIT1859Malkea,Mälkǝʾa mädḫane ʿaläm,,,,
LIT1860Malkea,Mälkǝʾa Mikaʾel,,,,
LIT1861Malkea,Mälkǝʾa qwǝrban,,,,
LIT1862Malkea,Mälkǝʾa qwǝsqwam,,,,
LIT1863Malkea,Mälkǝʾa sänbät,,,,
LIT1864Malkea,Mälkǝʾa śǝʿǝl,,,,
LIT1865Malkea,Mälkǝʾa ṣǝge,,,,
LIT1866Malkea,Mälkǝʾa śǝllase,,,,
LIT1867Malkea,Mälkǝʾa Ṣǝyon,,,,
LIT1868Malkea,Mälkǝʾa Täklä Haymanot,,,,
LIT1869Malkea,Mälkǝʾa wǝddase Mayram,,,,
LIT1870Malkea,Mälkǝʾa Yoḥannǝs,,,,
LIT1871Malkea,Mälkǝʾa ṗäraqliṭos,,,,
LIT1872Maneyu,Män-ǝyu bädäläñña,,Arʾayä Bälay,,
LIT1873Mangad,Mängädä sämay,,,,
LIT1874Manges,Mängǝśtǝnna yäḥǝzb astädadär,,Gäbrä Ḥǝywät Baykädañ,,
LIT1875Manhal,Manhal al-aṭšān fi taʾriḫ al-Hubšān,,Sayyid b. Muḥammad Ṣādiq,,
LIT1876Maqann,Mäqännätǝwan ṭǝfta,,Afäwärq Addafre,,
LIT1877Maqsaf,Mäqśäftä ḥassätat,,Fernandes,,
LIT1878Marbab,Märbäbtä Sälomon,,,,
LIT1879Marhae,Märḥä ʿǝwwur,,,,
LIT1880Marhal,Märḥa lǝbbuna,,,,
LIT1881Marhas,Märḥa ṣǝdǝq,,,,
LIT1882MarkGo,"Mark, Gospel of",Mk,,,
LIT1883Martyr,Martyrdom of Mark,Acts of Mark,,,
LIT1884Marqos,Marqosay wäyni mǝs ḫǝmbašay,,Yǝsḥaq Gäbrä Iyäsu,,
LIT1885Marsam,Märs amin,,,,
LIT1886Martyr,Martyrdom of Matthew,,,,
LIT1887Martyr,Martyrdom of Matthias,,,,
LIT1888Martyr,Martyrdom of Paul,,,,
LIT1889Martyr,Martyrdom of Peter,,,,
LIT1890Martyr,Martyrdom of Pilate,,,,
LIT1891Martyr,Martyrium Arethae,,,,
LIT1892Martyr,Martyrium of Askänafer the governor,,,,
LIT1893Martyr,Martyrium of Basilides,,,,
LIT1894Martyr,Martyrium of Elewtǝros and his mother Ǝntǝya,,,,
LIT1895Martyr,"Martyrium of Eustathius, his wife and his two children",,,,
LIT1896Martyr,"Martyrium of Irenaeus, Bishop of Sirmium",,,,
LIT1897Martyr,Martyrium of Makbeyu and her seven chidren,,,,
LIT1898Martyr,"Martyrium of Mamas, Tewodoṭos and his wife Tewofina",,,,
LIT1899Martyr,Martyrium of Mercurios Philopater,,,,
LIT1900Martyr,"Martyrium of Sophia, and her daughters Pistis, Elpis and Agapis",,,,
LIT1901Martyr,Martyrium of Ṭaṭus,,,,
LIT1902Martyr,"Martyrium of the soldiers Arsenofis, Peter and Askirion",,,,
LIT1903Martyr,Martyrium of Theocritus the lector,,,,
LIT1904Martyr,Martyriumof Theodore the Oriental,,Mikaʾel,,
LIT1905Martyr,Martyrium of Yasay,,,,
LIT1906Maryam,Maryam sǝbbǝḥt,,,,
LIT1907Masahe,Mäṣaḥǝfta liqawǝnt,,,,
LIT1908Masahe,Mäṣaḥǝfta mänäkosat,,,,
LIT1909Masahe,Mäṣaḥǝftä mänäkosat,,,,
LIT1910Masali,Masālik al-abṣār fī mamālik al-amṣār,,al-ʿUmarī,,
LIT1911masali,masālik,,,,
LIT1912Mashaf,Mäṣḥaf bäʾǝntä 12 aʾǝban,,Epiphanios,,
LIT1913Mashaf,Mäṣḥafä Aksum,Liber Axumae,,,
LIT1914Mashaf,Mäṣḥafä Anṭǝyakos,,Athanasius,,
LIT1915Mashaf,Mäṣḥafä ardǝʾǝt,,,,
LIT1916Mashaf,Mäṣḥafä ʿarke,,,,
LIT1917Mashaf,Mäṣḥafä asǝlṭi,,,,
LIT1918Mashaf,Mäṣḥafä baḥrǝy,,,,
LIT1919Mashaf,Mäṣḥafä baḥrǝy,"Ṣälotä baḥrǝy,Ṣälotä zäyt",Zärʾa Yaʿǝqob,,
LIT1920Mashaf,Mäṣḥafä bǝrhan,Fǝkkare haymanot,Giyorgis of Sägla,,
LIT1921Mashaf,Mäṣḥafä bǝrhan,,Zärʾa Yaʿǝqob,,
LIT1922Mashaf,Mäṣḥafä dorho,,,,
LIT1923Mashaf,Mäṣḥafä ʿǝräfta lämaryam,Liber de transitu Mariae,,,
LIT1924Mashaf,Mäṣḥafä ʿǝrgäta lämaryam,,,,
LIT1925Mashaf,Maṣḥafäfälasfa ṭäbiban,,,,
LIT1926Mashaf,Mäṣḥafäfäws mänfäsawi,,,,
LIT1927Mashaf,Mäṣḥafäfäws,,,,
LIT1928Mashaf,Mäṣḥafä fǝlsäta lämaryam,,,,
LIT1929Mashaf,Mäṣḥafäfǝlsätu lä-Täklä Haymanot,,,,
LIT1930Mashaf,Mäṣḥafä fidäl bǝzäräba tǝgrǝñña,,,,
LIT1931Mashaf,Mäṣḥafä Gǝnzät,,,,
LIT1932Mashaf,Mäṣḥafä gǝṣṣawe,,,,
LIT1933Mashaf,Mäṣḥafä Ḥawi,,,,
LIT1934Mashaf,Mäṣḥafä Ḫǝdar,,Severos of Ašmunayn,,
LIT1935Mashaf,Mäṣḥafä ḥǝggǝgat ʿabäyt,,,,
LIT1936Mashaf,Mäṣḥafä ḥǝmamatihu wäzena sǝqlätu wäqǝtlätu läʾǝgziʾǝna,,Mäbaʾa Ṣǝyon,,
LIT1937Mashaf,Mäṣḥafä Ḥiqar,,,,
LIT1938Mashaf,Mäṣḥafä kidan,,,,
LIT1939Mashaf,Mäṣḥafäkidanä mǝḥrät,,,,
LIT1940Mashaf,Mäṣḥafäkrǝstǝnna,,,,
LIT1941Mashaf,Mäṣḥafälǝdäta lämaryam,Protevangelium Jacobi,,,
LIT1942Mashaf,Mäṣḥafä mädḫanit,,,,
LIT1943Mashaf,Mäṣḥafä mäǧǝsṭi,,,,
LIT1944Mashaf,Maṣḥafa mälaʾǝkt,,,,
LIT1945Mashaf,Mäṣḥafä Mälaʾǝkt,,,,
LIT1946Mashaf,Mäṣḥafä mänäkosat,,,,
LIT1947Mashaf,Mäṣḥafä mäqdǝmä käśate mǝśṭir,,,,
LIT1948Mashaf,Mäṣḥafä Mar Yǝṣhaq,,,,
LIT1949Mashaf,Mäṣḥafä mǝkr,,,,
LIT1950Mashaf,Mäṣḥafä mǝsganna,,,,
LIT1951Mashaf,Mäṣḥafä mǝśṭir,Gädlä Zǝkre wä-Pawli,,,
LIT1952Mashaf,Mäṣḥafä mǝśṭir,,Giyorgis of Sägla,,
LIT1953Mashaf,Mäṣḥafä mǝśṭir zäHeṗoliṭos,,,,
LIT1954Mashaf,Mäṣḥafä mǝśṭiräsämay wämǝdr,,,,
LIT1955Mashaf,Mäṣḥafämilad,,,,
LIT1956Mashaf,Mäṣḥafä nuzaze,,,,
LIT1957Mashaf,Mäṣḥafä Qälemǝnṭos,,,,
LIT1958Mashaf,Mäṣḥafä qändil,,,,
LIT1959Mashaf,Mäṣḥafä qedär,,,,
LIT1960Mashaf,Mäṣḥafä qǝddase,Missal,,,
LIT1961Mashaf,Mäṣḥafä säʿatat,Horologium,Giyorgis of Sägla,,
LIT1962Mashaf,Mäṣḥafä säwasǝw wagǝss wämäzgäbä qalat ḥaddis,,,,
LIT1963Mashaf,MäṣḥafäSäwiros,,Severos of Ašmunayn,,
LIT1964Mashaf,MäṣḥafäSäwiros kalǝʾ,,,,
LIT1965Mashaf,Mäṣḥafä sǝddät,,,,
LIT1966Mashaf,Mäṣḥafä śǝllase,,,,
LIT1967Mashaf,Mäṣḥafä śǝnä fǝṭrät,,Käbte,,
LIT1968Mashaf,Mäṣḥafä śǝrʿat,Canon of Muʿallaqah,,,
LIT1969Mashaf,Mäṣḥafä täkahǝdo bähaymanot (Zämufti),,Bourgade,,
LIT1970Mashaf,Mäṣḥafä täklil,,,,
LIT1971Mashaf,Mäṣḥafä Täsǝʾǝlotä Antǝyakos,,,,
LIT1972Mashaf,Mäṣḥafä täzkär,,,,
LIT1973Mashaf,Mäṣḥafä täzkaru lämädḫane ʿaläm,,,,
LIT1974Mashaf,Mäṣḥafäṭefut,,,,
LIT1975Mashaf,Mäṣḥafä ṭǝmqät,,,,
LIT1976Mashaf,Maṣḥafä ṭǝntä haymanot,Maṣḥafä ṭǝntä haymanot zäfäkkärä ab mar Eṗifanis,,,
LIT1977Mashaf,Mäṣḥafä ṭǝzzǝta,,Mängǝśtu Lämma,,
LIT1978Mashaf,Mäṣḥafä Ṭomar,,,,
LIT1979Mashaf,Mäṣḥafä ziq,,,,
LIT1980Mashaf,Mäṣḥafä ḉäwata śǝgawi wämänfäsawi,,Zännäb,,
LIT1981Mashaf,Mäṣḥafäṗaṗṗas,,,,
LIT1982Mashaf,Mäṣḥafä ḍäḥay,,,,
LIT1983Mashaf,Mäṣḥafäʿǝräfta wäfǝlsäta,,,,
LIT1984Mashet,Mäṣḥetä ʾamin,,,,
LIT1985Mashet,"Mäṣḥetä Ityoṗya, per.",,,,
LIT1986Mashet,Mäṣḥetä lǝbbunna,,,,
LIT1987Mashet,Mäṣḥetä Sälomon,,,,
LIT1988Mathaf,Matḥaf,,Abretiye,,
LIT1989mawadd,mäwäddǝs,,,,
LIT1990Mawase,Mäwaśǝʾǝt,,,,
LIT1991Mawlid,Mawlid,"al-mawlid al-nabawī,mawlūd",,,
LIT1992Mawlid,Mawlid šaraf al-ʿālamīn,,,,
LIT1993Mawlud,Mawlūd ar-rāʾiq fī mawlid sayyid al-ḫalāʾiq,,Sayyid Ibrāhīm of Čale,,
LIT1994Mazgab,Mäzgäbä haymanot,,,,
LIT1995Mazgab,Mäzgäbä qalat,,Tayyä Gäbrä Maryam,,
LIT1996Mazgab,Mäzgäbä qǝddase,,,,
LIT1997Mazgab,Mäzgäbä tarik,,,,
LIT1998Mazgab,Mäzgäbä dǝggwa,,,,
LIT1999Mazmur,Mäzmur tägadalay,,Gǝrmay Gäbrämäsqäl,,
LIT2000Mazmur,Mäzmurä Dawit,Psalter,,,
LIT2001Mazmur,Mäzmurä fǝśśuḥan wäṣälotä tǝkkuzan,,,,
LIT2002Mazmur,Mäzmurä Krǝstos,,Baḥrǝy,,
LIT2003Mazmur,Mäzmurä Krǝstos,,Mäzmurä Krǝstos,,
LIT2004Mazmur,Mäzmurä Krǝstos,,Tayyä Gäbrä Maryam,,
LIT2005Mazmur,Mäzmurä Krǝstos,,,,
LIT2006Mazmur,Mäzmurä lǝdät,,Yared Gäbrä Mikaʾel,,
LIT2007Mazmur,Mäzmurä Solomon,,,,
LIT2008Melkea,Mǝlkǝʿam säyfä näbälbal,,Abbe Gubäñña,,
LIT2009Memnon,Memnon,,Aeschylus,,
LIT2010Mentan,Mǝntänu aʿassǝyäkki,,,,
LIT2011Mesatm,Mǝšät mǝšät märʿa,,Abrǝha Gäbrä Hǝywät,,
LIT2012Messal,Mǝssalǝyatä Sälomon,,,,
LIT2013Mestir,Mǝśṭiräaʿǝban,,,,
LIT2014Mestir,MǝśṭiräDawit,,,,
LIT2015Mestir,Mǝśṭirä mäläkot,,,,
LIT2016Mestir,Mǝśṭiräṣǝgeyat,,,,
LIT2017Mestir,Mǝśṭiräśǝllase,,,,
LIT2018Minas,Minas,,Afäwärq Gäbrä Iyäsus,,
LIT2019Misbah,Misbaḥa,,Budallāh,,
LIT2020Miskal,Misk al-aḏfar fī manāqib sayf al-ḥaqq aš-šayḫ Gaʿfar,,,,
LIT2021ModusB,Modus Baptizandi,,Täsfa Ṣǝyon,,
LIT2022Monast,Monastic Collection,,Evagrius,,
LIT2023Moras,Moräš,,Bǝrhanu Zäryǝhun,,
LIT2024MotaMu,Motä Muse,,,,
LIT2025Mugama,Muʿǧam al-buldān,,Yāqūt,,
LIT2026Mugama,Muʿǧam aṣ-ṣaġīr,,aṭ-Ṭabarānī,,
LIT2027Mugamm,Muʿǧam mā istaʿǧama,,al-Bakrī,,
LIT2028Muhtar,Muḫtārl-ḥikam wa-maḥāsin,,Mubaššir,,
LIT2029Muhtas,Muḫtaṣar,,Abū Zayd,,
LIT2030Muruga,Murūǧ aḏ-ḏahab wa-maʿādin al-ǧawhar,,al-Masʿūdī,,
LIT2031Musnad,Musnad,,Aḥmad b. Ḥanbal,,
LIT2032Mustaf,Muṣṭafā,,Hāšim,,
LIT2033Meella,M󠇝ǝʾǝllad,,Käbte,,
LIT2034Naakkw,Näʾakkwǝtäkä amlak bäwäldǝkä,,,,
LIT2035Naakkw,Näʾakkwǝtäkä amlak qǝddus,,,,
LIT2036Naakkw,Näʾakkwǝtäkä ǝgziʾo[bäfǝqur wäldǝkä ǝgziʾǝnä Iyäsus],,,,
LIT2037Naakkw,Näʾakkwǝtäkä ǝgziʾo bäfǝqur wäldǝkä Iyäsus Krǝstos,,,,
LIT2038Naakkw,Näʾakkwǝtäkä ǝgziʾo wänǝsebbǝḥakä,,,,
LIT2039Naakkw,Näʾakkwǝtäkä wänaleʿǝläkä,,,,
LIT2040Naakkw,Näʾakkwǝto lägäbare śännayat,,,,
LIT2041Nagarb,Nägär bäʾǝntä ǝllä yǝkǝḥǝdu tǝnśaʾe mǝwǝtan,,,,
LIT2042Nagarb,Nägär bäʾǝntä mot,,,,
LIT2043Nagarz,Nägär zäʾermǝyas,,,,
LIT2044Nagarz,Nägär zäqǝddusan abäw,,,,
LIT2045Nagara,Nägärä astärʾayot,,,,
LIT2046Nagara,Nägärä Galla,,,,
LIT2047Nagara,Nägärä gubaʾe zäʾabäw,,,,
LIT2048Nagara,Nägärä haymanot,,,,
LIT2049Nagara,Nägärä mädḫanit,,,,
LIT2050Nagara,Nägärä mänäkosat,,,,
LIT2051Nagara,Nägärä Maryam,,,,
LIT2052Nagara,Nägärä Muse,,,,
LIT2053Nagara,Nägärä sänbät,,,,
LIT2054Nagara,Nägärä wäg,,,,
LIT2055nags,nägś,,,,
LIT2056Nahune,Nahu nǝzenu hǝllawehu,,,,
LIT2057Bookof,Book ofNahum,,,,
LIT2058Nasabu,Nasabuhu š-šarīf,,,,
LIT2059Nasqal,Našq al-azhār fī aǧāʿib al-aqṭār,,Ibn Iyās,,
LIT2060Natura,Naturalis historia,,Pliny,,
LIT2061Naviga,Navigationi et viaggi,,Romusio,,
LIT2062Nawadi,Nawādir,,Ḥamad-Laʿde,,
LIT2063Nawadi,Nawādir al-falāsifa,,Ḥunayn b. Isḥāq,,
LIT2064Naydaq,Nay däqqi Maryam mäṣḥaf,,,,
LIT2065Nayegz,Nay ǝgzǝʾǝtǝnä Maryam,,Gäbrä Yäsus Ḫaylu,,
LIT2066Nayfid,Nay fidälatna mǝrmäran ḥaddis amähahǝran källo nǝbabatǝn ṣǝwṣǝwayatǝn,,Gäbrä Yäsus Ḫaylu,,
LIT2067Nayhad,Nay haḍäy Tedros traǧädi,,Gäbrä Yäsus Ḫaylu,,
LIT2068Neegzi,Nǝʾǝgziʾabǝḥer zǝssǝʾano nägär yälbon tǝnsaʾen ʿawätǝn,,Ṣägga Iyäsus Ǝyasu,,
LIT2069Negest,Nǝgǝśtä Azeb,,Bǝrhanu Dǝnqe,,
LIT2070Nehemi,"Nehemiah, Book of",,,,
LIT2071Nemane,Nǝmän-ǝyyu zǝnägro,,Abäba Täsfa Giyorgis,,
LIT2072NewTes,New Testament,,,,
LIT2073Nezeta,Nǝzǝtäʿaskärä nǝḥadä mänʾǝsäy zirǝʾi ḥadä zanta,,Gäbrä Yäsus Ḫaylu,,
LIT2074Gospel,Gospel ofNicodemus,,,,
LIT2075Number,"Numbers, Book of",,,,
LIT2076Nuncdi,"Nunc dimittis, prayer",,,,
LIT2077Nuzhat,Nuzhat al-asrārwa-ṭahārat al-aqḏār,,,,
LIT2078Nuzhat,Nuzhat al-malik wal-mamlūk fī muḫtaṣar sīrat man walā Miṣr min al-mulūk,,al-Ḥasan b. Abī Muḥammad ʿAbdallāh al-Ḥabašī,,
LIT2079Nuzhat,Nuzhat al-muštāq fī iḫtirāq al-āfāq,Kitāb Ruǧār,al-Idrīsī,,
LIT2080Nuzhat,Nuzhat al-ʿumr fīt-tafḍīl bayna l-bīḍ was-sūd wassumr,,as-Suyūṭī,,
LIT2081Orehre,O rǝḫrǝḫtä ḫǝllina,,,,
LIT2082Otawar,O täwärädkä,,,,
LIT2083Octate,Octateuch,Orit,,,
LIT2084OdaOak,Oda Oak Oracle,,Ṣäggaye Gäbrä Mädḫǝn,,
LIT2085OntheL,On [the Life and Decollation of] John the Baptist,,John Chrysostom,,
LIT2086OnAdam,On Adam’s Disobedience,,John Chrysostom,,
LIT2087OnAsia,On Asia,,Agatharchides,,
LIT2088OnCrea,On Creation,,Gregory of Nyssa,,
LIT2089OnFast,On Fasting,,John Chrysostom,,
LIT2090OnFast,On Fasting and Almsgiving,,Rǝtuʿa Haymanot,,
LIT2091OnFast,On Fasting and Meekness,,Rǝtuʿa Haymanot,,
LIT2092OnFast,On Fasting and Peace,,Rǝtuʿa Haymanot,,
LIT2093OnHero,On Herodias,,John Chrysostom,,
LIT2094OnHoly,On Holy Communion,,John Chrysostom,,
LIT2095OnHowO,On How Our Lord Christ was Baptized,,Rǝtuʿa Haymanot,,
LIT2096OnHowO,On How Our Lord Observed Hosanna,,Rǝtuʿa Haymanot,,
LIT2097OnHowt,On How the Word of God was Incarnated,,Rǝtuʿa Haymanot,,
LIT2098OnJuda,On Judas Iscariot,,John Chrysostom,,
LIT2099OnMeas,On Measures and Weights,,Epiphanios,,
LIT2100OnPass,On Passion of our Lord,,John Chrysostom,,
LIT2101OnPeni,On Penitence,,John Chrysostom,,
LIT2102OnPeni,On Penitence,,Theophilos of Alexandria,,
LIT2103OnSile,On Silence,,John Chrysostom,,
LIT2104OnStTh,On St. Thomas,,John Chrysostom,,
LIT2105OnStre,On Strengthening the Faithful in their Belief in Jesus Christ,,Rǝtuʿa Haymanot,,
LIT2106OntheA,On the Abyssinian Frontier,,Schuver,,
LIT2107OntheA,On the Annunciation to Mary by Gabriel,,John Chrysostom,,
LIT2108OntheA,On the Appearance of God in the Old Testament and Christ in the New,,John Chrysostom,,
LIT2109OntheA,On the Ascension of Our Lord,,Rǝtuʿa Haymanot,,
LIT2110OntheA,On the Assumption of the Blessed Virgin,,Rǝtuʿa Haymanot,,
LIT2111OntheB,On the Baptism of Our Lord by John the Baptist,,John Chrysostom,,
LIT2112OntheB,On the Beheading,Decapitation of John the Baptist,John Chrysostom,,
LIT2113OntheB,On the Birth of God from Mary,,Rǝtuʿa Haymanot,,
LIT2114OntheC,On the Charisms,,,,
LIT2115OntheC,On the Circumcision of John the Baptist,,John Chrysostom,,
LIT2116OntheC,On the Cross and the Thief,,John Chrysostom,,
LIT2117OntheC,On the Crucifixion,,Theophilos of Alexandria,,
LIT2118OntheD,On the Death of Our Lord Jesus Christ,,Rǝtuʿa Haymanot,,
LIT2119OntheD,On the Dormition of John the Baptist,,John Chrysostom,,
LIT2120OntheE,On the Easter Sunday,,John Chrysostom,,
LIT2121OntheE,On the Eight Thoughts of Evilness,,Evagrius,,
LIT2122OntheF,On the Fig Tree,,John Chrysostom,,
LIT2123OntheF,On the Flight of the Holy Family,,John Chrysostom,,
LIT2124OntheF,On the Four Living Beasts,,Rǝtuʿa Haymanot,,
LIT2125OntheG,On the Glory of John the Baptist,,John Chrysostom,,
LIT2126OntheG,On the Glory of the Church,,John Chrysostom,,
LIT2127OntheH,On the Hidden Mysteries of the House of God,,Pseudo-Hierotheus,,
LIT2128OntheH,On the Holy Spirit,,Gregory of Nyssa,,
LIT2129OntheH,On the Honoured Springs of Israel which are Peter and Paul,,Rǝtuʿa Haymanot,,
LIT2130OntheI,On the Incarnation of the Logos,Bäʾǝntä täśäggǝwotu läʾǝgziʾabǝḥer qal,Gregory of Nazianzos,,
LIT2131OntheI,On the Incarnation of the Son,,Rǝtuʿa Haymanot,,
LIT2132OntheJ,On the Judgement of the Sinners,Bäʾǝntä kwǝnnäne ḫaṭǝʾan,,,
LIT2133OntheL,On the Lord’s Prayer,,John Chrysostom,,
LIT2134OntheM,On the Making of Man,,Gregory of Nyssa,,
LIT2135OntheN,On the Nativity of Jesus,,John Chrysostom,,
LIT2136OntheN,On the Nativity of John the Baptist,,John Chrysostom,,
LIT2137OntheP,On the Paraclete,,Rǝtuʿa Haymanot,,
LIT2138OntheP,On the Pharisee,,John Chrysostom,,
LIT2139OntheR,On the Red Sea,On the Erythraean Sea,Agatharchides,,
LIT2140OntheR,On the Resurrection of Lazarus,,John Chrysostom,,
LIT2141OntheS,On the Samaritan Woman,,John Chrysostom,,
LIT2142OntheS,On the Saying of Christ,,John Chrysostom,,
LIT2143OntheS,On the Sinful Woman who Anointed Jesus’ Feet,,John Chrysostom,,
LIT2144OntheT,On the Ten Virgins,,John Chrysostom,,
LIT2145OntheT,On the Transfiguration of Our Lord,,Rǝtuʿa Haymanot,,
LIT2146OntheT,On the True Faith,,Cyril,,
LIT2147OntheV,On the Venerable Cross,,John Chrysostom,,
LIT2148OntheV,On the Vivification of the Dead,,Aphrahat,,
LIT2149OntheW,On the Washing of the Feet,,Rǝtuʿa Haymanot,,
LIT2150OntheW,On the Wedding at Cana,,John Chrysostom,,
LIT2151OnVirg,On Virginity,,Gregory of Nyssa,,
LIT2152OnVisi,On Visit of Mary to John the Baptist,,John Chrysostom,,
LIT2153OnaynL,ʿOnayn Lägwayn,,,,
LIT2154Onetho,One thousand and one nights,,,,
LIT2155Onomas,Onomasticon,,,,
LIT2156Oratio,Oratio ad dominas,,Cyril,,
LIT2157Oratio,Oratio dominica,,,,
LIT2158Oratio,Oratio universalis,,,,
LIT2159Oratio,Orations,,Gregory of Nazianzos,,
LIT2160Oratio,Orations to Nephalios,,Severos of Antioch,,
LIT2161Oromay,Oromay,,Bäʿalu Gǝrma,,
LIT2162Oscusd,Os cus de Judas,,Lobo Antunes,,
LIT2163TheOth,TheOther War,,ʿAlämsäggäd Täsfay,,
LIT2164Bookof,Book ofParables,,,,
LIT2165Paradi,Paradise of the Fathers,,,,
LIT2166Parado,Paradosis Pilati,,,,
LIT2167Parali,Paralipomena of Jeremiah,,,,
LIT2168PaterN,Pater Noster,"Lord’s Prayer, Our Father",,,
LIT2169Pateri,Patericon,Mäṣḥafä zenahomu läʾabäw,,,
LIT2170Peripl,Periplus of the Erythraean Sea,Períplous tês Erythrâs thalássēs,,,
LIT2171Peshit,Peshitta,"Pǝšiṭtā,Pšīṭtā",,,
LIT2172Pesiqt,Pesiqta Rabbati,,,,
LIT2173Petira,Peṭirat Mośe,,,,
LIT2174Philal,Philalethes,,Severos of Antioch,,
LIT2175Polati,Polätikanna polätikäññočč,,Abbe Gubäñña,,
LIT2176Polise,"Polisǝnna ǝrmǝǧǧäw, per.",,,,
LIT2177Prayer,Prayer for the Peace of the Soul of a Deceased Person,,Severos of Antioch,,
LIT2178Prayer,Prayer of Blessing of Baptismal Water for the Feast of the Epiphany,,Severos of Antioch,,
LIT2179Prayer,Prayer of Cyprian,,,,
LIT2180Prayer,Prayer of Manasses,,,,
LIT2181Prayer,Prayer of Thanksgiving,,,,
LIT2182Preach,Preaching of Andrew,,,,
LIT2183Preach,Preaching of Bartholomew,,,,
LIT2184Preach,Preaching of James,,,,
LIT2185Preach,Preaching of Judas Thaddeus,,,,
LIT2186Preach,Preaching of Peter,,,,
LIT2187Preach,Preaching of Philip,,,,
LIT2188Preach,Preaching of Simon Judas,,,,
LIT2189Preach,Preaching of Thomas,,,,
LIT2190Precep,Precepts of the Old Testament,,,,
LIT2191Prepar,Preparation of the Gospels,,Eusebios,,
LIT2192Profit,Profitable Compiler. Abridgement of the Explication of the Truth of the Faith,,Giyorgis Wäldä ʿAmid,,
LIT2193Prophe,Prophecy of Jeremiah Told to Pashhur,,,,
LIT2194Prophe,"Prophets, books of",,,,
LIT2195Prover,Proverbs,,,,
LIT2196Pseudo,Pseudo-Clementine romance,,,,
LIT2197pseudo,pseudo-Nicene Canons,,,,
LIT2198Qafowe,Qäfowǝn attǝnkut,,Tagäl Säyfu,,
LIT2199Qalage,Qalä gǝzat,,,,
LIT2200Qalaha,Qalä haymanot,,,,
LIT2201Qalanu,Qalä nuzaze,Qalä sǝret,,,
LIT2202QannGe,"Qäññ Geta Yoftahe neguśe, aḉḉǝr yäḥǝywätǝnna",,Yoḥannǝs Admasu,,
LIT2203Qannon,Qännona Abulidǝs,,,,
LIT2204Qannon,Qännona mänäkosat,,,,
LIT2205Qanuna,Qānūn al-masʿūdi fī l-hayʾa wan-nuǧūm,,al-Biruni,,
LIT2206Qaring,Qärin gärrämäw,,Taddäsä Zäwälde,,
LIT2207Qasida,Qaṣīdat al-burda,,al-Būṣīrī,,
LIT2208Qawani,Qawānīn al-mulūk,Canons of the Kings,,,
LIT2209Qimann,Qimäñña baḥtawi,,Abbe Gubäñña,,
LIT2210Questi,Questions of Bartholomew,,Gospel of Bartholomew,,
LIT2211Questi,Questions of Gregory,,,,
LIT2212Questi,Questions of Theodore,,,,
LIT2213Rabial,Rabīʿ al-qulūb fī ḏikr manāqib wa-faḍāʾil sayyidinā aš-šayḫ Nūr Ḥusayn,,,,
LIT2214RaeyaG,Raʾǝyä Gorgoryos,,,,
LIT2215RaeyaS,Raʾǝyä Sinoda,,Shenute of Atripe,,
LIT2216Raeyat,Raʾǝyä täʾammǝr,,,,
LIT2217Rafsan,Rafʿšaʾn al-ḥubšān,,as-Suyūṭī,,
LIT2218Rasaia,Rašāʾi al-Mīrġanīya,,Muḥammad al-Ḥasan al-Mīrġanī,,
LIT2219Reesam,Rǝʾǝsä mäṣaḥǝft,,,,
LIT2220Refuta,Refutation of the Synod of Chalcedon,,,,
LIT2221Retuwa,"Rǝtuʿ wäṣǝdǝq yǝdällu …, anaphora",,,,
LIT2222RetuaH,"Rǝtuʿa Haymanot, homiliary",,,,
LIT2223rihla,riḥla,,,,
LIT2224Rihlat,Riḥlat al-Ḥabaša,,Ṣādiq al-Muʾayyad al-ʿAẓam,,
LIT2225Riyadh,Riyāḍ aṣ-Ṣāliḥīn,,an-Nawawī,,
LIT2226Romanc,Romance of Alexander,,Pseudo-Callisthenes .,,
LIT2227Ruleof,Rule ofMaḫbärä Śǝllase,,,,
LIT2228Ruleso,Rules ofPachomius,monastic order of Pachomius,,,
LIT2229RuthBo,"Ruth, Book of",,,,
LIT2230Saatat,Säʿatat zägǝbṣ,,,,
LIT2231Saatat,Säʿatat zämäʿalt,,,,
LIT2232Saatat,Säʿatat dǝngǝl Maryam,,,,
LIT2233saggay,Ṣäggaye bet,,,,
LIT2234Sahel,Saḥǝl,,Solomon Ṣäḥaye,,
LIT2235Salama,Sälamä ḥǝmamat,Sälamä ḥǝmamatihu,,,
LIT2236Salama,Sälamä qǝddusan,,,,
LIT2237Salamt,Sälamta,,,,
LIT2238salata,Ṣalāt ʿalā an-Nabī,,Hāšim al-Mīrġanī,,
LIT2239Sallal,Sällälkulla zema,,,,
LIT2240salotb,Ṣälot bäʾǝntä aynä ṭǝla,,,,
LIT2241salotb,Ṣälot bäʾǝntä burake mänbär,,,,
LIT2242salotb,Ṣälot bäʾǝntä maʾǝsärä aganǝnt,,,,
LIT2243salotb,Ṣälot bäʾǝntä mäsṭǝmä aganǝnt,,,,
LIT2244salotm,Ṣälot mängädä sämay,,,,
LIT2245salotz,Ṣälot zäṣälläyä Yǝsḥaq Soryawi,,,,
LIT2246salotz,Ṣälot zäsäne Golgota,,,,
LIT2247salotz,Ṣälot zäzäwätǝr,,,,
LIT2248salota,Ṣälotä akkwätet,,,,
LIT2249salota,Ṣälotä burake,,,,
LIT2250salota,Ṣälotä Danǝʾel,,,,
LIT2251salota,Ṣälotä ʿƎnbaqom,,,,
LIT2252salota,Ṣälotä ʿǝṭan,,,,
LIT2253salota,Ṣälotä fattǝto,,,,
LIT2254salota,Ṣälotä fǝtḥat,,,,
LIT2255salota,Ṣälotä ḥaddisan,,,,
LIT2256salota,Ṣälotä ḥamus,,,,
LIT2257salota,Ṣälotä Ḥanna,,,,
LIT2258salota,Ṣälotä Ḥǝzqǝyas,,,,
LIT2259salota,Ṣälotä Isayǝyas,,,,
LIT2260salota,Ṣälotä kidan,,,,
LIT2261salota,Ṣälotä mäʿassǝban,,,,
LIT2262salota,Ṣälotä mädḫanit,,,,
LIT2263salota,Ṣälotä maḫläftä näfs,,,,
LIT2264salota,Ṣälotä Maryam,,,,
LIT2265salota,Ṣälotä Mǝnasse,,,,
LIT2266salota,Ṣälotä mǝnkwǝsǝnna …,,,,
LIT2267salota,Ṣälotä nǝssǝḥa,,,,
LIT2268salota,Ṣälotä qǝddase,,,,
LIT2269salota,Ṣälotä qǝddus abba Ǝnṭonǝs,,,,
LIT2270salota,Ṣälotä Säʿatat,,Ayyälä Täklä Haymanot,,
LIT2271salota,Ṣälotä śälästu däqiq,,,,
LIT2272salota,Ṣälotä Sǝmʿon näbiyy,,,,
LIT2273salota,Ṣälotä täklil,,,,
LIT2274salota,Ṣälotä Yonas,,,,
LIT2275salota,Ṣälotä Zäkaryas,,,,
LIT2276salota,Ṣälotatä mǝḥǝlla,,,,
LIT2277salotu,Ṣälotu lämuse,,,,
LIT2278salotu,Ṣälotu Muse,,,,
LIT2279salsaw,Śalsawi Dawit,,Mäkwännǝn Ǝndalkaččäw,,
LIT2280samsal,Šams al-Maʿārif,,al-Būnī,,
LIT2281Samunq,Sämun qǝddǝst,,,,
LIT2282Samuna,Sämunä ḥǝmamat,,,,
LIT2283Samuna,Sämunä Mänfäs Qǝddus,,,,
LIT2284Saqaqa,Säqäqänǝš ǝsat,,Daññaččäw Wärqu,,
LIT2285Saqoqa,Säqoqawä dǝngǝl,,,,
LIT2286Saqoqa,Säqoqawä Ermǝyas näbiyy,,,,
LIT2287Saqoqa,Säqoqawä näfs,,Athanasius,,
LIT2288sarako,Ṣärä koloniyalist,,Mängǝśtu Lämma,,
LIT2289saraMa,Ṣärä Maryam,Ḍǝrä Maryam,,,
LIT2290Sargis,Särgis Abǝrgawi,"Doctrina Jacobi nuper baptizati, Teaching of Jacob",,,
LIT2291sawahi,Šawāhid,,Budallāh,,
LIT2292Sawase,Säwasǝw zäqerǝllos,,,,
LIT2293Sawase,Säwasǝw,,,,
LIT2294Sawenn,Säwǝnna ǝwqät,,Ǝmmǝru Ḫaylä Śǝllase,,
LIT2295Sayfam,Sayfä mäläkot,,,,
LIT2296Sayfas,Säyfä śǝllase,,,,
LIT2297Scholi,Scholia,,Cyril of Alexandria,,
LIT2298Sebhat,Sǝbḥatä aqärrǝb,,,,
LIT2299Sebhat,SǝbḥatäƎgziʾabǝḥer,,,,
LIT2300Sebhat,Sǝbḥatä fǝqur,,,,
LIT2301Sebhat,Sǝbḥatä nägh,,,,
LIT2302Sebhat,Sǝbḥatatä mäḫalǝy,,,,
LIT2303Second,Second Homily on the Nativity,,Theodotos of Ankyra,,
LIT2304Sedata,Sǝdätäñña gǝṭǝmočč,,Wǝddalat Gädamu,,
LIT2305Chroni,Chronicle of Seʿert,,,,
LIT2306segger,Ṣǝggeräda bǝʾǝr:yägǝṭǝmočč mädbäl,,Däbbäbä Säyfu,,
LIT2307segomh,Šǝgom ḥadgäy ḥarǝnnät ʿǝyyu,,Gännät Sǝyyum,,
LIT2308sehufe,Ṣǝḥuf Ǝmni,,,,
LIT2309sellal,šǝlläla,,,,
LIT2310sellas,śǝllase,,,,
LIT2311SemaPi,Sǝmʿa Ṗilaṭos,,,,
LIT2312Semmen,Sǝmmǝntyoš qǝne,,,,
LIT2313semmiy,Šǝmmiya,,Mängǝśtu Lämma,,
LIT2314senafe,Śǝnä fǝṭrät,,,,
LIT2315Senkef,Sǝnkǝfre,,Mulu Sälomon,,
LIT2316Senkes,Sǝnkǝssar,,,,
LIT2317Senodo,Senodos,MäṣḥafäSenodos;Sinūdūs,,,
LIT2318Senten,Sentences to the monks,,,,
LIT2319Septua,Septuagint,,,,
LIT2320seratA,Śǝrʿat Adkämä Mǝlgaʾ,,,,
LIT2321seratA,Śǝrʿat Akkälän Guzayn,,,,
LIT2322seratK,Śǝrʿat Karnǝššǝm,,,,
LIT2323seratL,Śǝrʿat Loggo Särda,,,,
LIT2324seratL,Śǝrʿat Loggo Ḉǝwa,,,,
LIT2325seratM,Śǝrʿat Mǝʿem Mäḥaza,,,,
LIT2326seratz,Śǝrʿat zäʾagbǝʾo tabotä wǝstä betä krǝstiyan,,,,
LIT2327serata,Śǝrʿatä abäw mänäkosat,,,,
LIT2328serata,Śǝrʿatä abäw,,,,
LIT2329serata,Śǝrʿatä ʿaśirä mänäkosat,,,,
LIT2330serata,Śǝrʿatä betä krǝstiyan amä qǝddaseha,,,,
LIT2331serata,Śǝrʿatä betä krǝstiyan läʾǝgziʾabǝḥer,,,,
LIT2332serata,Śǝrʿatä betä krǝstiyan,,,,
LIT2333serata,Śǝrʿatä fǝḫrät,,,,
LIT2334serata,śǝrʿatä gädam,,,,
LIT2335serata,Śǝrʿatä gǝbǝr,,,,
LIT2336serata,Śǝrʿatä gǝbṣ,,,,
LIT2337serata,Śǝrʿatä gwǝzo,,,,
LIT2338serata,Śǝrʿatä maḫbär,,,,
LIT2339serata,Śǝrʿatä maḫlet,,,,
LIT2340serata,Śǝrʿatä mänäkosat,,,,
LIT2341serata,Śǝrʿatä mängǝśt,Mäṣḥafä Śǝrʿatä mängǝśt,,,
LIT2342serata,Śǝrʿatä mǝnkwǝsǝnna,,,,
LIT2343serata,Śǝrʿatä mǝśtirä nǝssǝḥa [nuzaze],,,,
LIT2344serata,Śǝrʿatä mǝśtirä täklil,,,,
LIT2345serata,Śǝrʿatä qännona,,,,
LIT2346serata,śǝrʿatä qǝbʾatä meron,,,,
LIT2347serata,Śǝrʿatä qǝddase,,,,
LIT2348serata,Śǝrʿatä qwǝrḥat,,,,
LIT2349serata,Śǝrʿatä śimät zäsǝyyumanä betä krǝstyan ityoṗyawit,Mäṣḥafä śǝrʿatä śimät zäsǝyyumanä betä krǝstyan ityopyawit,,,
LIT2350serata,Śǝrʿatä śimätä mǝnkwǝsǝnna,,,,
LIT2351Setann,Setäñña adari,,Nägaš Gäbrä Maryam,,
LIT2352ShortC,Short Chronicles,,,,
LIT2353SibylW,"Sibyl, Wisdom of",Ṭǝbäbä sabela,,,
LIT2354Sibyll,Sibylline Oracles,,,,
LIT2355sifatg,Ṣifat ǧazīrat al-ʿarab,Al-Hamdānī,,,
LIT2356Silsil,Silsilat at-tawārīḫ,as-Sīrāfī,,,
LIT2357Letter,Letter ofSimeon of Beth Arsham,,Simeon of Beth Arsham,,
LIT2358Sirach,"Sirach, Book of",,,,
LIT2359Sirata,Sīrat al-Ḥabaša,,Ḥasan b. Aḥmad al-Ḥaymī,,
LIT2360Siratr,Sīrat rasūl allāh,Life of the Prophet,Ibn Isḥāq/Ibn Išām,,
LIT2361somade,Ṣomä dǝggwa,,,,
LIT2362Songof,Song of Songs,Mäḥalǝyä mäḥalǝy,,,
LIT2363Statut,Statutes of the Apostles,,,,
LIT2364Storyo,"Story of King Dämatyanos of Lebanon and of Gigar, The",,,,
LIT2365Storyo,Story of Melchizedek,,,,
LIT2366Storyo,Story of the Magi,,,,
LIT2367Storyo,"Story of the Passion Revealed to Three Women Sarah, Salome and Mary Magdalene",,,,
LIT2368Storyo,Story of the Wood of the Cross,,,,
LIT2369subhal,Ṣubḥ al-aʿšā fī ṣināʿat al-inšāʾ,,al-Qalqašandī,,
LIT2370Sulaym,Sulāyman al-Ḥakīm,,Tawfīq al-Ḥakīm,,
LIT2371suwara,Ṣuwar al-aqālīm,,Abū Zayd,,
LIT2372Syllog,Sylloge,,Timotheus Ailouros,,
LIT2373Syllog,Sylloges,,Zäkaryas,,
LIT2374synaph,synápheia,,Nestorius,,
LIT2375Synaxa,Synaxarium,Synaxary,,,
LIT2376Synoda,Synodal Letter,,Cyriacus of Antioch,,
LIT2377Synoda,Synodal Letter,,Theodosios of Alexandria,,
LIT2378Synoda,Synodal Letter,,Theodosios of Antioch,,
LIT2379Synodu,Synodus Alexandrina,,,,
LIT2380sagara,Šaǧarat al-yakīn,,,,
LIT2381taamme,taʾammǝr,miracle,,,
LIT2382Taamme,Täʾammǝrä Iyäsus,"Mäṣḥafä ǝlʾatqärfa, Miracles of Jesus",,,
LIT2383Taamme,Täʾammǝrä mädḫane ʿaläm,,,,
LIT2384Taamme,Täʾammǝrä Maryam,Miracles of Mary,,,
LIT2385Taamme,Täʾammǝrä Maryam wäʾiyäsus,,,,
LIT2386Taamme,Täʾammǝrä Minas,,,,
LIT2387Taamme,Täʾammǝrä Rufaʾel,,,,
LIT2388Taamme,Täʾammǝrä śǝllase,Täʾammǝrihomu läśǝllase; Miracles of the Trinity,,,
LIT2389Taamme,Täʾammǝrä ṣǝyon,,,,
LIT2390Taamme,Täʾammǝrä Sinoda,,,,
LIT2391Taaqeb,Täʿaqǝbo mǝsṭir,,,,
LIT2392Tabara,Tabāraka,,,,
LIT2393tabiba,Ṭäbibä ṭäbiban,,,,
LIT2394Tafass,Täfäśśǝḥi Maryam,,,,
LIT2395Tagatt,Tāǧ at-tafāsīr li-kalām al-malik al-kabīr,,Muḥammad ʿUṯmān al-Mīrġanī,,
LIT2396Tagsas,Tägśaṣä Sälomon,,,,
LIT2397takle,täkle,,,,
LIT2398Talall,Talallaq säwočč,,Käbbädä Mikaʾel,,
LIT2399talfob,Ṭälfo bäkise,,Mängǝśtu Lämma,,
LIT2400Talmid,Tälmid,,,,
LIT2401Talmud,Talmud,,,,
LIT2402Tanbih,Tanbīh an-nāʾimin,,Ḥāmid,,
LIT2403Tanbih,"Tanbīh, Kitāb at-",,al-Masʿūdī,,
LIT2404Tanseu,Tänśǝʾu bäfǝrhatä ǝgziʾabǝḥer,,,,
LIT2405Tanwir,Tanwīr al-ġabaš,,Ibn al-Ǧawzī,,
LIT2406Taqqel,Täqqǝlǝnna särawitu,,Damṭe Assämmähäññ,,
LIT2407Taqwim,Taqwīm al-Buldān,,Abū l-Fidā,,
LIT2408Taratt,Tärät tärät yämäśärät,,Ḥaddis ʿAlämayyähu,,
LIT2409Targum,Targûm šēnî,,,,
LIT2410Tarifb,Taʾrīf bil-muṣṭalaḥ aš-šarīf,,al-ʿUmari,,
LIT2411Tarih,Taʾrīḫ,,Yaʿqūbī,,
LIT2412Tariha,Taʾrīḫ al-Īrītriyā,,ʿUṯmān Ṣāliḥ Sabī,,
LIT2413Tariha,Taʾrīḫ al-Islām fī l-Ḥabaša,,,,
LIT2414Tariha,Taʾrīḫ al-kanāʾis wal-adyira,Churches and Monasteries of Egypt,"attr. Abū Ṣāliḥ, wr. Abū l-Makārim",,
LIT2415Tariha,Taʾrīḫ ar-rusul wal-mulūk,,aṭ-Ṭabarī,,
LIT2416Tarihi,Taʾrīḫ-i-guzīda,,Ḥamduʾllāh-i-Qazwīnī,,
LIT2417TariKI,Tariḵ Ityoṗya,,Fǝśśǝḥa Giyorgis,,
LIT2418Tarikt,Tarik tǝwlǝddä mänäkosat,,,,
LIT2419Tarikz,Tarik zägalla wäraʾǝyä Lǝbnä Dǝngǝl,,,,
LIT2420TariKz,Tariḵ zähagärä Gamo,,,,
LIT2421Tarika,Tarikä nägäśt,,Ḫǝruy Wäldä Śǝllase,,
LIT2422Tarika,Tarikä nägäśt,,,,
LIT2423Tarika,Tarikä zämän zädagmawi Mǝnilǝk,,,,
LIT2424Tarike,Tarikǝnna mǝssale,,Käbbädä Mikaʾel,,
LIT2425Tasrif,Tašrīf al-ayyām wal-ʿuṣūr fī sīrat al-malik al-Manṣūr,,Ibn ʿAbdaẓẓāhir,,
LIT2426tatann,Ṭaṭäññaw täwanay,,Bǝrhanu Zäryǝhun,,
LIT2427Tawase,Täwaśǝʾo zänǝguś Gälawdewos,,,,
LIT2428Tawhid,Tawhīd inna fiqh,,Ṭalḥa b. Ǧaʿfar Yūsuf,,
LIT2429taytuB,Ṭaytu Bǝṭul,,Mäkwännǝn Ǝndalkaččäw,,
LIT2430tayyaq,Ṭäyyaqi,,Mängǝśtu Lämma,,
LIT2431Tazkar,Täzkarä mädḫǝn,,,,
LIT2432Teachi,Teaching of the 318 Nicene Fathers on the right faith and the monastic life,Didascalia of the 318 Nicene Fathers,,,
LIT2433tebaba,Ṭǝbäbä Sälomon,,,,
LIT2434Teezaz,Tǝʾǝzazä abunä qǝddus Ǝnṭonǝs,,,,
LIT2435Teezaz,Tǝʾǝzazä mänäkosat,,,,
LIT2436Teezaz,Tǝʾǝzazä sänbät,,,,
LIT2437Teezaz,Tǝʾǝzazat,,,,
LIT2438teggat,Ṭǝggät lam,,Ayyalnäh Mulatu,,
LIT2439Tekkus,Tǝkkusat,,Sǝbḥat Gäbrä Ǝgziʾabǝḥer,,
LIT2440Telleq,Tǝllǝqu dañña,,Mälʾaku Bäggosäw,,
LIT2441Telleq,Tǝllǝqu Ǝskǝndǝr,,Käbbädä Mikaʾel,,
LIT2442Temher,Tǝmhǝrt zäʾabba Ǝnṭonǝs,,,,
LIT2443Temher,Tǝmhǝrtä haymanot,,,,
LIT2444Temher,Tǝmhǝrtä ḫǝbuʾat,Ǝlmäsṭoʾagya,,,
LIT2445Temher,Tǝmhǝrtä krǝstiyan,,,,
LIT2446Temher,Tǝmhǝrtä Krǝstos,,,,
LIT2447Temher,Tǝmhǝrti krǝstǝnna,,,,
LIT2448Temher,Tǝmhǝrti qwǝṣri,,,,
LIT2449Teodro,Teodros,,Ṣäggaye Gäbrä Mädḫǝn,,
LIT2450teqemy,Ṭǝqǝm yalläbbät ḉäwata,,Yoftahe Nǝguśe,,
LIT2451tequra,Ṭǝqur anbäsa,,Taddäsä Meḉa,,
LIT2452Tergwa,Tǝrgwame fidälat,,,,
LIT2453Tergwa,Tǝrgwame lämar Yǝsḥaq,,,,
LIT2454Tergwa,Tǝrgwamemäṣḥafä Sälomon…,,attr. Gregory of Nyssa,,
LIT2455Tergwa,Tǝrgwame qälämis,,,,
LIT2456Tergwa,Tǝrgwame wängel[at],,,,
LIT2457Testam,Testament of Adam,,,,
LIT2458Testam,Testament of Joseph,,,,
LIT2459Testam,Testament of Reuben,,,,
LIT2460Testam,Testament of Solomon,,,,
LIT2461Testam,Testamentum Domini,Kidan zäʾǝgziʾǝnä Iyäsus Krǝstos,,,
LIT2462Testam,Testamentum Domini in Galilee,,,,
LIT2463Testam,Testamentum Novum,,Täsfa Ṣǝyon,,
LIT2464Tetrab,Tetrabiblos,,Ptolemy,,
LIT2465Tezzet,Tǝzzǝta,,Ḥaddis ʿAlämayyähu,,
LIT2466Tezzet,Tǝzzǝta,,Mängǝśtu Lämma,,
LIT2467TheBoo,The Book of the Luminaries,,,,
LIT2468Tiburt,Tiburtine Sibyl,,,,
LIT2469Epistl,Epistles ofTimothy,,Timothy,,
LIT2470ToAbla,To Abladius,,Gregory,,
LIT2471ToEulo,To Eulogius,,Evagrius,,
LIT2472TotheG,To the Greeks,,Gregory,,
LIT2473TobitB,"Tobit, Book of",,,,
LIT2474tomara,Ṭomarä tǝsbǝʾǝt,,,,
LIT2475tomare,Ṭomare Paris,,Täklä Maryam Sämharay Sällim,,
LIT2476Tometo,Tome to Theodora,,Theodosios of Alexandria,,
LIT2477Torah,Torah,,,,
LIT2478Tradit,Traditio Apostolica,,Apostolic Tradition Hippolytus,,
LIT2479Transi,Transitus,,Cyril,,
LIT2480Treati,Treatise on Baptism,,,,
LIT2481Treati,Treatise on the First Four Councils,,Severos,,
LIT2482Tuhfat,Tuḥfāt al-albāb,,Abū Ḥāmid al-Ġarnāṭī al-Andalusī,,
LIT2483Unsalm,Uns al-muhaǧ wa-rawḍ al-furaǧ,,al-Idrīsī,,
LIT2484Unwana,ʿUnwān aš-šarīf,,Abū al-Ḥasan,,
LIT2485Vienna,Vienna Protology,,,,
LIT2486Vision,Vision of the Righteous Enoch,,,,
LIT2487Vision,Vision of Theophilus of Alexandria,,,,
LIT2488VitaAb,Vita Abraham archimandritae,,,,
LIT2489VitaMo,Vita Moysis archimandritae,,,,
LIT2490Vitaof,Vita of the Fathers and Brothers of Däbrä Gärzen,,,,
LIT2491VitaPa,Vita Pachomii,,,,
LIT2492VitaSi,Vita Sinuthii,,Besa,,
LIT2493Wadagg,Wädaǧǧe lǝbbe,,Ḫǝruy Wäldä Śǝllase,,
LIT2494Waddih,Wäddi Ḥadärä:kab Badǝmä nab Saḥǝl,,ʿAlämsäggäd Täsfay,,
LIT2495WaddiW,Wäddi Waʿǝro,,Bǝrhanä Ačame,,
LIT2496Waelas,Waʿǝla Šobʿattä ʿAnsäba zämat taḥtay,,,,
LIT2497Wagaht,Wägaḥta naṣǝnnät,,Täḵlay Zäwäldi,,
LIT2498Wagile,Wägʿi lǝbbi,,Bäyyänä Ḫaylä,,
LIT2499Wagiqa,Wägʿi qäddamot,,Täḵlay Zäwäldi,,
LIT2500Wangel,Wänǧeläññaw dañña,,Ḥaddis ʿAlämayyähu,,
LIT2501Warqeh,Wärqǝha,,Musa Aron,,
LIT2502Watato,Wäṭäṭo ǝndabboy ʿAndu,,Bärhe Arʾaya,,
LIT2503Wayana,Way anä däqqi – säʾan mǝmǝlkatʾdo,,Abbäbä Täsfa Giyorgis,,
LIT2504wazema,wazema,,,,
LIT2505Weddas,Wǝddase amlak,,,,
LIT2506Weddas,Wǝddase dǝngǝl,,Giyorgis of Sägla,,
LIT2507Weddas,Wǝddase ǝmqalä näbiyat,,,,
LIT2508Weddas,Wǝddase ḥawaryat,,Giyorgis of Sägla,,
LIT2509Weddas,Wǝddase Maryam,,,,
LIT2510Weddas,Wǝddase mäsqäl,,Giyorgis of Sägla,,
LIT2511Weddas,Wǝddase sämayawǝyan wämǝdrawǝyan,,,,
LIT2512Weddas,Wǝddase wägǝnay lämäsqäl,,,,
LIT2513Weddas,Wǝddaseha läʾǝgzǝtǝnä Maryam,,,,
LIT2514Wisdom,Wisdom of Bagor,,,,
LIT2515Wisdom,Wisdom of Sirach,Book of the All-Virtuous; Wisdom of Joshua ben Sira,,,
LIT2516Wisdom,Wisdom of Solomon,,,,
LIT2517Yaanab,Yaa nabi,,Ismāʿīl Fāraḥ,,
LIT2518Yaafri,Yäʾafrika ḍäḥay,,Yared Gäbrä Mikaʾel,,
LIT2519Yaalam,Yäʿaläm nǝguś,,Mängǝśtu Lämma,,
LIT2520Yaalam,Yäʿaläm tarik,,Käbbädä Mikaʾel,,
LIT2521Yaalam,Yäʿaläm tarik käfǝṭrät ǧämmǝro ǝskä zämänaččǝn dǝräs,,Isenberg,,
LIT2522Yaamar,Yäʾamarǝñña fäliṭočč,,Daññaččäw Wärqu - Amsalu Aklilu,,
LIT2523Yaamar,Yäʾamarǝñña yäǧiʾografi mäzgäbä qalat,,,,
LIT2524Yaandg,Yäʿand geta astäwayǝnnät,,Mängǝśtu Lämma,,
LIT2525Yaarad,Yäʾaradaw Taddäsä,,Ṗawlos Ñoñño,,
LIT2526Yabada,Yäbädäl fǝṣṣame,,Bǝrhanu Zäryǝhun,,
LIT2527Yabaga,Yäbägäna mäzmur,,Admasu Ǧämbäre,,
LIT2528Yabbat,Yabbatočč ḉäwata,,Mängǝśtu Lämma,,
LIT2529Yaberh,Yäbǝrhan fǝqre,,Däbbäbä Säyfu,,
LIT2530Yadamd,Yädäm dǝmṣ,,Mäkwännǝn Ǝndalkaččäw,,
LIT2531YadeKo,Yädǝḵočč kätäma,,Mäkwännǝn Ǝndalkaččäw,,
LIT2532Yaense,Yäʿǝnsǝsat agälgǝlot,,Yared Gäbrä Mikaʾel,,
LIT2533Yaewqa,Yäʿǝwqät bǝllǝḉta,,Käbbädä Mikaʾel,,
LIT2534Yafeqe,Yäfəqər ḉorra,,,,
LIT2535Yafeth,Yäfǝtḥa nägäśt tǝrgwame,,Täwäldä Mädḫǝn,,
LIT2536Yafezd,Yäfez doktor,,Ṣäggaye Gäbrä Mä󑸥󑸫dḫǝn,,
LIT2537Yagall,Yägalla tarik yäšäwa mäng󠅛ǝśt,"History of the Galla,Tarik zägalla",Aṣmä Giyorgis,,
LIT2538Yagall,Yägalla zämän ǝgziʾabǝḥer yäsäṭṭäw 200 ʿamät näw,,,,
LIT2539Yagata,Yägäṭärwa fana,,Ayyalnäh Mulatu,,
LIT2540Yageta,Yägetaččäw mistočč,,Ṗawlos Ñoñño,,
LIT2541Yagete,Yägǝṭǝm gubaʾe,,Mängǝśtu Lämma,,
LIT2542Yagogg,Yägoǧǧam tarik,,,,
LIT2543Yagond,Yägondäre Gäbrä Maryamaṭǝto magñät,,Nalbandian,,
LIT2544Yahaba,Yäḥabäša ǝnna yäwädäḫwala gabǝčča,,Ḥaddis ʿAlämayyähu,,
LIT2545Yahagg,Yäḥaǧǧǝnna ʿumra guzo śǝnä śǝrʿat,,Muhammad Wale,,
LIT2546Yahayl,Yäḫaylä Śǝllase aḉḉǝr tarik,,Ḫǝruy Wäldä Śǝllase,,
LIT2547Yahell,Yaḥǝllina däwäl,,Bäʿalu Gǝrma,,
LIT2548Yahelm,Yaḥǝlm ruḉḉa,,Mäkwännǝn Ǝndalkaččäw,,
LIT2549Yaheyw,Yäḥǝywät tarik bäḫwala zämän lämminäsu l󠄍ǝǧočč mastawäqiya,,Ḫǝruy Wäldä Śǝllase,,
LIT2550Yahoda,Yähod amlaku qǝṭat,,Yoftahe Nǝguśe,,
LIT2551Yaityo,Yäʾityoṗya aḉḉǝr tarik,,Bǝrhanu Dǝnqe,,
LIT2552Yaityo,Yäʾityoṗya Ḥǝzb Nafqot,,Sǝnǝddu Gäbru,,
LIT2553Yaityo,Yäʾityoṗya ḥǝzb tarik,,Tayyä Gäbrä Maryam,,
LIT2554Yaityo,Yäʾityoṗya nägäśt tarik,,Ḫǝruy Wäldä Śǝllase,,
LIT2555Yaityo,Yäʾityoṗya nǝgǝśtat tarik,,Ḫǝruy Wäldä Śǝllase,,
LIT2556Yaityo,Yäʾityoṗya tarik,,Täklä Ṣadǝq Mäkwǝriya,,
LIT2557Yaityo,Yäʾityoṗyanna yäʾiṭalya ṭorǝnnät aṭe Mǝnilǝkǝnna aṭe Tewodros,,Ṗawlos Ñoñño,,
LIT2558Yakarm,Yäkärmo säw,,Ṣäggaye Gäbrä Mä󑸫dḫǝn,,
LIT2559Yakida,Yäkidanä Qal tiyatǝr,,Aššäbbǝr Gäbrä Ḥǝywät,,
LIT2560Yalacc,Yalačča gabǝčča,,Mängǝśtu Lämma,,
LIT2561Yalebb,Yälǝbb ḥassab:yäbǝrhanǝnna yäṣǝyon mogäsa gabǝčča,,Ḫǝruy Wäldä Śǝllase,,
LIT2562Yaleel,Yälǝʿǝlt wäyzäro Mänän mängäd. Bäʾiyärusalemǝnna bämǝsr,,Ḫǝruy Wäldä Śǝllase,,
LIT2564YalmeZ,Yälmǝžat,,Ḥaddis ʿAlämayyähu,,
LIT2565Yamakk,Yämäkka mädina guzo mǝsṭir,,Kämal Ḥaǧǧ,,
LIT2566Yamakk,Yämäkkära däwäl käMǝṣǝwwa ǝskä Mätämma,,Gärima Täffärä,,
LIT2567Yamann,Yämäññǝta ǝnnat,,Ayyalnäh Mulatu,,
LIT2568Yamare,Yamarǝñña qalat,,Aṣmä Giyorgis Gäbrä Mäsiḥ,,
LIT2569Yamayc,Yämayḉäw zämäčanna yäguzow tarik,,Gäbrä Wäld Ǝngǝda Wärq,,
LIT2570Yanege,Yänǝgǝśtä azeb tarikawi guzo,,Aššäbbǝr Gäbrä Ḥǝywät,,
LIT2571Yapatr,Yäpatris Lumumba asazzañ ammwammwat,,Abbe Gubäñña,,
LIT2572Yaqayy,Yäqäyy kokäb ṭǝrri,,Bäʿalu Gǝrma,,
LIT2573Yaqene,Yäqǝne käwakǝbt,,Bälay Mäkonnǝn,,
LIT2574Yaqeta,Yäqǝṭat maʿbäl,,Käbbädä Mikaʾel,,
LIT2575YarasG,Yäras Gobäna tarik,,,,
LIT2576Yaroma,Yärom awwädadäq,,Abbe Gubäñña,,
LIT2577YaseTa,Yaṣe Täklä Giyorgis yaṣe Yoḥannǝs tarik,,Lämläm,,
LIT2578Yasehu,Yäṣǝḥuf ṭǝbäb mämmäriya,,Daññaččäw Wärqu,,
LIT2579Yasetw,Yäsetwan fätäna,,Mammo Wǝddǝnäh,,
LIT2580Yasi,Yäši,,Täsfaye Gässäsä,,
LIT2581YasoKa,Yäšoḵ aklil,,Ṣäggaye Gäbrä Mä󑸫dḫǝn,,
LIT2582Yatang,Yätangut mǝsṭir,,Bǝrhanu Zäryǝhun,,
LIT2583Yatari,Yätarik mastawäša,,Käbbädä Täsämma,,
LIT2584Yatasf,Yätäsfa ǝgǝr bǝrät,,Säyfu Mättafäriya,,
LIT2585Yatemh,Yätǝmhǝrtǝnna yätämaribettǝrgwǝm,,Ḥaddis ʿAlämayyähu,,
LIT2586Yatenb,Yätǝnbit qäṭäro,,Käbbädä Mikaʾel,,
LIT2587Yatewl,Yätǝwlǝde mäzmur,,Bäfäqadu Moräda,,
LIT2588Yatewo,Yätewodros ʿǝnba,,Bǝrhanu Zäryǝhun,,
LIT2589Yatewo,Yätewodros tarik,,Zännäb,,
LIT2590Yawang,Yäwängel tǝrgwame,,,,
LIT2591Yayoha,Yäyoḥannes wängel mägbiya,,,,
LIT2592YaCamu,Yä-Ḉamut šǝka,,Gäbrä Yäsus Ḫaylämaryam,,
LIT2593Yedras,Yǝdräs lä-wändǝmme lämmalawqǝh,,Ṣäggaye Gäbrä Mädḫǝn,,
LIT2594Yehmas,Yǝh mäṣaf yämmiṭäqqǝm mä󑸫dḫanit yämminägǝr näw,,,,
LIT2595Yestos,"Yǝsṭos, Aboli and Tawǝklǝya",,,,
LIT2596YiFiqm,Yi Fiqma,,Yasin Maḥammoda,,
LIT2597YinayY,Yinay Yibaaxo Yaqassinay,,Yasin Maḥammoda,,
LIT2598Yosipp,Yosippon,"Sēfer Yosippon, Sēfer [Yosef] Ben Goryon, Zena Ayhud",Joseph ben Gorion,,
LIT2599zaamla,zäʾamlakǝyä,,,,
LIT2600zafara,Ẓafar al-wālih bi-muẓaffar wa-ālihī fī taʾrīḫ Kuǧarāt,,al-Uluġḫānī,,
LIT2601Zahaga,Zähagär wägäbäzä Aksum,,,,
LIT2602Zandos,Zändo sinägś,,Afäwärq Gäbrä Iyäsus,,
LIT2603Zannab,Zännäbäčč,,Mälʾaku Bäggosäw,,
LIT2604Zantas,Zanta Ṣäʿazzägan Hazzägan,,,,
LIT2605Zayena,Zäyǝnäggǝś zäʾabunä Yared,,,,
LIT2606Zehala,Zǝḥaläfä nǝbrät Ertǝra,,Bärḥe Mäsgun,,
LIT2607Zekran,Zǝkrä nägär,,Maḫtämä Śǝllase Wäldä Mäsqäl,,
LIT2608Zekras,Zǝkrä ṣadǝq,,,,
LIT2609Zemeca,Zemeča,,Kit’jan,,
LIT2610Zemmar,Zǝmmare,,,,
LIT2611Zenaab,Zena abäw qǝddusan,Apophthegmata Patrum,,,
LIT2612Zenabe,Zena bǝʾǝsit zäʿǝfrät,,,,
LIT2613ZenaDa,Zena Däbrä Libanos,,,,
LIT2614ZenaDa,Zena Däbrä Sina,,,,
LIT2615Zenaer,Zena ʿǝrgäta,,,,
LIT2616Zenaes,Zena Ǝskǝndǝr,Christian Romance of Alexander the Great; Bäʾǝntä gǝbru,,,
LIT2617Zenaki,Zena kidanomu läṣadǝqan,,,,
LIT2618ZenaLa,Zena Lalibäla,,,,
LIT2619Zenala,Zena lämaryam wäfǝlsäta,,,,
LIT2620ZenaLe,Zena Lǝssan,,,,
LIT2621Zenama,Zena mäṣaḥǝftä bǝranna,,Aklilä Bǝrhan,,
LIT2622ZenaMa,Zena Mäzmurä Dǝngǝl,,,,
LIT2623Zenana,Zena nägäromu läśǝllase,,,,
LIT2624ZenaNa,Zena Narga,,,,
LIT2625ZenaSe,Zena Sǝkǝndǝs ṭäbib läʾǝndǝryanos nǝguś wätǝmhǝrtatihu wäṭǝbäbu wätäsǝʾǝlotatihu,,,,
LIT2626Zenase,Zena Ṣǝyon,,,,
LIT2627Zenaze,Zena zǝkrä sǝmu,,,,
LIT2628Zenade,Zena ḍǝnsäta wälǝdäta,,,,
LIT2629Zenahu,Zenahu lägalla,,Baḥrǝy,,
LIT2630Zenahu,Zenahu läqerlos,,,,
LIT2631Zenahu,Zenahu lätewoflos,,,,
LIT2632Zennan,Zǝnnan tärätǝn mǝsselan nay qäddamot,,Yaʿǝqob Gäbrä Iyäsu,,
LIT2633Zosimo,"Zosimos, Narrative of",,,,
LIT2634Zuqnin,Zuqnin Chronicle,,Pseudo-Dionysius,,
LIT2635Dawana,Ḍäwänä näfs,,,,
LIT2636Asart,ʿAśärtu täsƾʾǝlotat,,,,